602,Walsh,Abbey,Haylie@electa.us
446,Goodwin,Pearl,Timmothy@dixie.biz
934,Sanford,Cordia,Kaitlyn@berenice.co.uk
420,Stiedemann,Sylvester,Graham@janice.biz
826,Ernser,Gardner,Brittany@pinkie.info
71,Hudson,Lyda,Mohammad.Auer@alanis.name
104,Dickinson,Niko,Eula_Cremin@frida.co.uk
116,Kub,Joanie,Jannie@larue.biz
709,Feeney,Adrain,Mylene@erling.com
131,Kling,Gwendolyn,Manuel.McCullough@jan.net
998,Schowalter,Alfonso,Fae.Johnston@reynold.tv
23,Effertz,Lesly,Bonita@cordelia.io
363,Dare,Deangelo,Gideon_Hills@samantha.org
591,Mitchell,Rahsaan,Josiah.Ziemann@kylee.info
785,Weimann,Alysha,Mario@joyce.biz
141,Glover,Hailey,Einar_McClure@derrick.ca
709,Kreiger,Jamar,Katarina@josue.co.uk
647,Hayes,Darrion,Fidel@georgianna.ca
917,DuBuque,Ardella,Alden.Considine@sigmund.org
979,Kirlin,Makenzie,Herman@berneice.info
71,Mann,Jon,Raphael@felipa.co.uk
195,Mertz,Newell,Evelyn@lacy.info
802,Senger,Tomasa,Sasha.Davis@magali.info
597,Goldner,Lyric,Horace@myrtie.biz
63,Gleason,Carter,Devyn@mikayla.net
733,Hickle,Yasmine,Gladyce@cleora.co.uk
367,Price,Megane,Adelle.Wehner@lurline.me
576,Runolfsson,Johnathan,Abbigail_Friesen@dolly.name
561,Ortiz,Micaela,Alexys@dereck.net
403,Pfeffer,Dagmar,Cathy_Zieme@gennaro.me
960,Hilll,Desmond,Cordia.Treutel@shirley.me
715,Toy,Sean,Savannah@opal.co.uk
197,Hoeger,Connor,Fern.Jerde@annette.co.uk
563,Cartwright,Michelle,Louisa.Barrows@rhoda.tv
922,Koss,Willie,Robbie@zoe.name
149,Corwin,Leanna,Timmothy.Reichert@dianna.tv
542,Jacobi,Paula,Jayne@isadore.biz
26,Stoltenberg,Jamison,Josiane.Ziemann@dusty.com
36,Friesen,Brayan,Jaylen_Rolfson@ewald.name
421,Becker,Lexus,Vanessa@dameon.me
88,Weimann,Mckenzie,Murl.Krajcik@grady.info
566,Schamberger,Stephania,Bettye_Conn@jarod.me
456,Kuhic,Telly,Mireille@cesar.ca
632,Beier,Olga,Jeanie@eula.io
197,Kerluke,Winston,Desmond.Cremin@zaria.info
1,Swaniawski,Clare,Claire@earnest.net
564,Wyman,Annetta,Annabel.Harris@libbie.tv
617,Lesch,Marty,Therese_Hodkiewicz@glenna.name
867,Kuhn,Rae,Wilbert.Grant@wilhelmine.us
11,Waelchi,Justen,Flavio_Denesik@bernard.com
839,Will,Shayne,Lucienne@macy.com
86,Dibbert,Reagan,Elenora@gustave.info
80,Satterfield,Gust,Sallie_Prosacco@lula.biz
798,Towne,Amparo,Terry@shaylee.ca
429,Lesch,Antwon,Miles.Schultz@doris.me
221,Ernser,Fred,Carolina.Ullrich@hope.net
843,Lockman,Mandy,Adelle_Morar@zane.biz
318,Bartell,Penelope,Antonio_Reilly@tyrique.biz
672,Yundt,Kaley,Ashleigh.Hackett@reece.ca
268,Emard,Shemar,Sherwood@marilyne.org
738,Wolf,Alberto,Marc@audie.org
515,Monahan,Rhea,Claudie@abigail.org
3,Batz,Florida,Easton.Watsica@damon.me
97,Bergnaum,Tyrique,Flavie@rosetta.org
596,Monahan,Ola,Paxton.Nicolas@kacie.biz
326,Wisoky,Elvie,Rosalinda@oma.biz
624,Paucek,Merritt,Carter@maye.com
220,Dietrich,Macy,Arch@rachael.us
542,Hills,Adrian,Jazmyne@carroll.ca
503,O'Connell,Tommie,Itzel@benedict.biz
64,Cole,Vergie,Angelina@susanna.info
995,VonRueden,Destiny,Johan@miracle.co.uk
48,Howell,Camren,Rosemary@leora.io
881,Lemke,Jarret,Kylie_Maggio@hazel.net
992,Willms,Payton,Mohamed.Willms@estefania.net
319,Ward,Ruben,Elizabeth@malachi.name
560,Parker,Jazlyn,Chelsea.Dicki@demetris.name
303,Runolfsdottir,Pietro,Davonte.Schmeler@ruby.us
853,Senger,Hudson,Myrtle_Windler@kayli.biz
656,Keebler,Berry,Abbie_Stiedemann@mavis.name
409,Stark,Jaleel,Adrien.Deckow@bridget.io
551,Reynolds,Prince,Gardner_Quigley@yolanda.io
703,Willms,Delmer,Assunta_Stracke@celine.me
64,Fisher,Emilio,Emil@morgan.biz
206,Abernathy,Saige,Leta_Thompson@petra.biz
390,Dickens,Millie,Laury@melany.biz
809,Raynor,Jade,Bruce@jevon.ca
78,Wehner,Zackery,Grace@patricia.net
247,Weissnat,Blaise,Marta_Streich@beatrice.name
270,Ritchie,Braulio,Guadalupe@angus.me
682,Bayer,Tillman,Jacynthe@summer.biz
94,Hermiston,Noemi,Hertha.Jakubowski@sabina.tv
555,Flatley,Isabell,Mohamed@jedidiah.us
421,Schulist,Jerad,Noel@chelsey.org
840,Corwin,Jakayla,Eugenia_Emmerich@tiara.info
377,Hauck,Brianne,Heaven_Johns@cody.us
553,Conroy,Christop,Alverta.Konopelski@tad.co.uk
649,Berge,Xavier,Stanley@brayan.ca
425,Flatley,Janet,Veronica@wilbert.net
332,O'Hara,Dante,Hannah_Dach@ulices.org
788,McClure,Rosina,Merle@therese.com
960,Ward,Jaiden,Merl_Reichert@creola.biz
941,Marvin,Walter,Donna_Mraz@milford.co.uk
421,Vandervort,Edythe,Kamille.Konopelski@gust.tv
817,Willms,Lily,Zoie@elizabeth.info
556,Osinski,Payton,Bethel.Bahringer@jermey.biz
176,Roob,Priscilla,Favian@cora.us
734,Leuschke,Garret,Carole_Hintz@jana.io
253,Upton,Lacy,Domenica@catalina.biz
114,Dickens,Marcia,Cloyd@shea.us
698,Gorczany,Arely,Haskell@maxwell.ca
940,Padberg,Brendan,Lina@florine.co.uk
481,Sipes,Jordan,Korbin.Schaden@terence.tv
307,Satterfield,Tressa,Arnaldo@fleta.biz
897,Lemke,Casimir,Olen_Cormier@sienna.me
186,Wunsch,Harry,Shanon@amos.biz
505,Boehm,Herman,Allie.Corkery@lillian.name
62,Murazik,Lou,Leonie.Rohan@eleazar.tv
15,Kris,Mason,Gregoria@alysson.ca
101,Becker,Efren,Kaia@kiley.ca
380,Hand,Caleb,Leone@helena.co.uk
268,Frami,Kristofer,Magali.Harber@dewayne.us
998,Rohan,Prudence,Estefania@rocio.co.uk
510,Price,Deanna,Manuel@garret.co.uk
677,Nitzsche,Eula,Misty_Flatley@bernard.co.uk
402,Goldner,Eric,Merritt_Walker@perry.org
407,Macejkovic,Rosemarie,Ari.Rohan@tony.tv
740,Friesen,Verda,Linnie_Schimmel@earlene.com
880,Bins,Reid,Kasey@amara.tv
262,Welch,Fabian,Mireya_Rodriguez@joey.org
450,Lakin,Estefania,Jay@elvie.name
527,Tillman,Rahul,Buford@geovanni.us
599,Hermiston,Colby,Kamille.Torphy@shanna.info
875,Hansen,Eddie,Otto@jennings.ca
475,King,Ophelia,Keira@eldridge.org
433,Rogahn,Vidal,Dejon.Herman@daphne.org
518,Cartwright,Michael,Doris.Stark@tomasa.info
26,Koss,Stanley,Josie.Champlin@eve.name
418,Beer,Bertha,Mattie@leopoldo.ca
266,Sauer,Chance,Savanna_Cartwright@blanche.ca
149,Doyle,Kadin,Colt@geovanny.info
705,Zboncak,Marquis,Ransom_Larson@lane.ca
229,Brekke,Philip,Darryl_Torphy@dixie.io
918,Robel,Nettie,Zena@torrey.net
651,Kertzmann,Mertie,Bradly_Murazik@eleonore.info
102,Fay,Maci,Aric.Bogisich@roel.name
52,Legros,Monte,Ada.McLaughlin@arielle.us
622,Friesen,Hollis,Chelsea.Dooley@kristina.tv
260,Kling,Amelia,Madelyn_Rowe@katheryn.tv
69,Kling,Makenzie,Bella@stella.info
435,Gutkowski,Chelsea,Viviane@eda.biz
514,Grimes,Amie,Mossie_Marquardt@frances.info
510,Buckridge,Madie,Ahmad_Cole@trystan.io
562,Kertzmann,Jamison,Dashawn@darrick.name
240,Mann,Kolby,Jaylen@mandy.io
344,Altenwerth,Delta,Julien_Weissnat@leland.co.uk
182,Wyman,Gustave,Lemuel@holly.us
98,Labadie,Joanie,Kayden_Schneider@myah.info
235,Thiel,Zita,Melyssa@obie.com
545,Kuphal,Mallie,Carmella@holden.us
629,Carroll,Edna,Verner_Abernathy@maegan.co.uk
968,Stiedemann,Julien,Andres_Ratke@oren.tv
853,Carroll,Maymie,Catherine@dolores.io
983,Nolan,Modesto,Earline@eve.org
405,Hoppe,Caroline,Issac@damion.tv
655,Lindgren,Elsie,Felicity@marcelo.ca
818,O'Conner,Aiyana,Maritza.Volkman@otto.us
694,Hermann,Murl,Valerie.Considine@keagan.ca
251,Waters,Clementina,Jocelyn_Nader@romaine.us
281,Orn,Adelle,Cheyanne@jaycee.biz
652,Adams,Madge,Kaylin.Hahn@lavern.info
151,Huels,Brendon,Karolann.Kovacek@kasandra.co.uk
113,Purdy,Wyman,Liliana_Murray@ansel.info
907,Reilly,Emory,Bryce@raoul.com
371,Keebler,Damien,Betsy_Boyle@emilia.net
848,Rau,Frederick,Anibal@dessie.me
491,Nikolaus,Raymundo,Major.Miller@jamil.org
477,Prosacco,Sandy,Mathew_Nienow@sandra.name
156,Pollich,Candace,Deonte@wellington.me
954,Stanton,Braulio,Jeffery@clyde.biz
403,Jacobi,Donavon,Talon.Ward@adam.com
528,Jast,Beatrice,Esther_Reilly@gwen.co.uk
565,Robel,Edythe,Amani@rhett.io
580,Grady,Della,Brandi@elise.ca
732,Abbott,Jayne,Kathlyn@marcos.com
661,Johnson,Tate,Gerald.Jacobi@doris.name
36,Kessler,Ned,Alfonso_Lang@leonard.info
599,Reichel,Ethyl,Marietta@frankie.io
914,McCullough,Phyllis,Osvaldo@sunny.co.uk
96,Windler,Lera,Porter@ulices.ca
83,Walsh,Letha,Christiana_Weimann@erica.co.uk
674,Dicki,Amina,Greyson@mavis.biz
561,Weber,Lonnie,Kenneth@lenna.com
322,Mayert,Iva,Murphy@watson.co.uk
216,Klocko,Carmel,Imani@mina.ca
186,O'Hara,Nathan,Kassandra@river.biz
92,Hackett,Emory,Krista_Herman@myrtle.info
315,Bogan,Roberto,Abby.Toy@israel.io
214,Pouros,Chance,Ethan@emiliano.net
178,Cole,Marlin,Anastacio.Lesch@lane.io
125,Spencer,Citlalli,Myron_Kiehn@gabriel.ca
412,Grimes,Yadira,Dennis.Anderson@francesca.ca
780,Boyle,Abigayle,Bradley@cameron.ca
697,Littel,Anabel,Audie@deon.me
708,Raynor,Jackeline,Alvena_Marvin@isadore.biz
167,Shields,Albert,Chyna_Yundt@lawrence.info
513,Sawayn,Rickey,Addison_Walker@bobby.ca
728,Dickens,Trudie,Donna.Ryan@germaine.ca
457,Cassin,Nikita,Bradley_Krajcik@willy.org
183,Cole,Conor,Paige.Kilback@chelsey.io
969,Abernathy,Joel,Ocie.Osinski@edythe.tv
204,Prosacco,Emmitt,Kayleigh.Altenwerth@destiney.name
540,Collier,Doug,Lesley@magali.io
588,Purdy,Oceane,Carley.Johnston@kelton.co.uk
559,Dach,Jaylon,Velda@braden.io
476,Cormier,Blaze,Vickie_Hauck@zora.net
926,Langworth,Chanelle,Furman@tiana.name
718,Ledner,Dariana,Marilou_Heathcote@ella.io
986,Willms,Andy,Tatyana_Cronin@estella.info
374,Buckridge,Jalen,Casimir_Cremin@cloyd.com
957,Huel,Cecilia,Freida@ramiro.biz
214,Bauch,Mariana,Hallie_Conroy@jeffry.com
811,Lindgren,Duncan,Laurianne.Willms@kennedi.co.uk
30,Stanton,Sage,Rosalia.Kemmer@henry.ca
284,Hermiston,Burdette,Theodore_Kassulke@maribel.biz
580,Koch,Zoey,Trystan@keanu.biz
860,Beatty,Finn,Kaley.Bosco@allene.com
459,Gaylord,Dimitri,Melvin@justice.co.uk
717,Klein,Virginie,Benedict@myra.tv
809,Cronin,Quincy,Santa.Bernier@sharon.co.uk
889,Stokes,Chase,Delphine@terrence.co.uk
233,Marks,Velda,Jamel.Cremin@samantha.io
162,Greenholt,Lydia,Angie_Bernier@adrain.org
35,Heller,Lew,Valerie_Goldner@grover.tv
994,Goldner,Wendy,Mateo_Brekke@jefferey.us
276,Block,Adrianna,Brenden@christop.io
326,Buckridge,Jonathon,Katherine.Larson@frederique.biz
949,Stark,Kristina,Nakia@helena.name
926,Goyette,Bulah,Evelyn@jordi.com
62,Muller,Dahlia,Adelbert@martina.co.uk
191,Pouros,Virginie,Fredrick_Schoen@bernita.me
679,Bruen,Devonte,Brennon.Schneider@ada.com
501,Altenwerth,Gayle,Ciara@kathryn.org
769,Keebler,Deshawn,Loyal_Bashirian@mathias.ca
476,Rolfson,Donnell,Rashawn.Heller@noemi.info
402,Koss,Lorenzo,Orlo@marisol.name
403,Roob,Laila,Florian@lindsay.me
631,Stamm,Katlynn,Lilliana.Gleichner@eliseo.tv
379,Corwin,Anabelle,Dino@don.name
60,Gibson,Victoria,Daisha@kareem.us
689,Casper,Kylee,Joelle@adan.me
948,Stanton,Julio,Meaghan@hugh.biz
39,Smith,Stephany,Isobel@ayden.tv
575,Jerde,Annamarie,Jazlyn.Bednar@marquis.us
876,Okuneva,Leda,Joy.Corwin@zoie.name
642,Brekke,Sarai,Mateo@sadye.co.uk
158,Walsh,Kayla,Lorena@lupe.us
241,Ziemann,Juanita,Rosario_Schiller@asha.ca
872,Jast,Meagan,Urban@enoch.us
519,Buckridge,Eldon,Fabian@kiera.io
634,Lemke,Lennie,Stella@paige.info
151,Dickens,Donnell,Marcelina@troy.co.uk
632,Powlowski,Rod,Rowan.Kuhic@carlos.io
546,Brakus,Mabel,Verner@haley.org
950,Okuneva,Sibyl,Scarlett_Kihn@johnathon.info
472,Batz,Antonette,Vella@merl.biz
123,Aufderhar,Jaylan,Elody_Hoppe@webster.us
364,Hudson,Russ,Cheyenne@cordia.net
983,Mohr,Devin,Erika@mustafa.info
76,Dare,Vita,Bernice.Kuvalis@tremaine.co.uk
212,Berge,Mohammad,Marielle@nolan.com
80,Kling,Ashlee,Princess@angie.ca
941,Schmitt,Moises,Chauncey@crystal.io
999,Kohler,Cyrus,Marlene@zakary.biz
120,Weissnat,Petra,Amanda_Koss@myrtie.us
274,Littel,Terrill,Quincy@ralph.org
812,Jakubowski,Joana,Alfreda_Senger@rhett.co.uk
139,Bechtelar,Jace,Kira.Leuschke@courtney.name
187,Little,Sydnee,Sven@joanne.net
38,Brekke,Shayne,Amber@alvis.biz
155,Mraz,Dortha,Ellen_Will@raven.info
271,Gusikowski,Emanuel,Cayla@meredith.net
820,Weber,Jennings,Raphaelle_Windler@sedrick.us
851,Cronin,Kale,Heath@maximilian.com
726,Glover,Birdie,Wilford@danial.biz
136,Cassin,Cordia,Guillermo@gus.org
292,Guªann,Cortez,Dedric@ona.co.uk
579,Gulgowski,Austen,Orlando.Emard@adam.biz
489,VonRueden,Dennis,Kyla.Ebert@lavern.co.uk
499,Senger,Aubree,Chandler@miguel.me
776,Jaskolski,Maurice,Desiree.Prohaska@leanne.biz
579,Dach,Rhett,Minnie@carli.co.uk
896,Jerde,Nicholas,Annabelle@warren.net
502,Durgan,Carmel,Casimir.Boyle@nova.net
385,Wintheiser,Felton,Darian_Ullrich@elta.info
110,Murphy,Dock,Trenton@beryl.biz
463,Zulauf,Magnus,Wiley_Johnson@malachi.co.uk
885,Kohler,Anahi,Branson@mariane.co.uk
894,Miller,Salvador,Branson.Schuppe@adan.io
577,Smitham,Keely,Crawford@dorian.net
493,Greenholt,Litzy,Luigi.Collins@amely.io
154,Beahan,Dean,Aleen.Yost@angeline.tv
576,Schoen,Trystan,Mitchel.Gulgowski@mohamed.io
230,Mueller,Halle,Hans_Bergstrom@isobel.io
809,Stroman,Leonard,Lloyd.Schamberger@guido.biz
530,Kutch,Benton,Jamaal_Wilderman@deanna.org
397,Paucek,Gillian,Orion@hazel.name
94,Graham,Maymie,Irma.Stokes@dulce.biz
871,Haley,Jaunita,Raven@watson.tv
446,Ryan,Maye,Loy@kamron.io
904,Barrows,Lolita,Wilber_Orn@brandi.co.uk
187,Murazik,Cristian,Jan_Heidenreich@korbin.info
327,Lehner,Orin,Tomas.Senger@aurelio.info
969,Mills,Tommie,Brooke.Welch@brent.biz
633,Bahringer,Shanny,Addie.Fisher@mateo.com
95,Torp,Maritza,Gregoria_Marvin@haven.biz
339,Dibbert,Ronny,Maggie@brittany.us
898,Huels,Aileen,Devante@ashly.biz
195,Wilkinson,Esther,Alek.Wuckert@abel.net
227,Kiehn,Dane,Alex_Mayer@derrick.net
424,Hermann,Emilie,Shanon@yessenia.io
843,Rolfson,Odell,Emelia@ian.me
189,Ondricka,Dagmar,Carli@cordie.biz
374,Oberbrunner,Rosetta,Nichole@violet.com
44,Kuhic,Johnathan,Stacey.Haag@sean.info
526,Mann,Sadye,Lynn@vance.us
835,Kozey,Stefanie,Johanna.Ebert@otho.name
285,Klein,Thad,Chadd_Stark@burnice.info
663,Adams,Bernadine,Madaline@werner.name
450,Paucek,Orlando,Jimmie@dora.io
74,Altenwerth,Priscilla,Reginald@stevie.org
924,Lebsack,Kenny,Shanie_Conn@levi.us
739,Torp,Lenora,Leilani@ellie.ca
470,Kreiger,Elvie,Alyce@aida.ca
320,Schmeler,Dominic,Joannie@amy.name
192,Hermiston,Frederic,Devante@bryce.us
146,Mann,Jamarcus,Boris@trudie.tv
320,Gleichner,Peyton,Janie@samir.info
717,Blanda,Adriel,Evangeline_Herzog@miles.biz
65,Hettinger,Precious,Assunta@dawn.name
12,Mraz,Jerel,Earlene.Fritsch@nyah.com
332,Guªann,Dawn,Alessia_Toy@cicero.biz
249,Botsford,Ophelia,Vada.Strosin@mary.org
439,Littel,Kristopher,Travon@julian.org
258,Greenholt,Lester,Lessie_Reichel@murray.io
802,Zboncak,Mathilde,Amanda@zelma.co.uk
623,Mraz,Leslie,Beth@margaret.tv
332,Volkman,Aubrey,Ismael_Kuhn@alvah.ca
517,Heller,Yessenia,Keira@arielle.org
618,Gerhold,Raegan,Laura@kaela.ca
686,Hauck,Ryann,Jaida@armando.me
584,Rippin,Don,Kendall@nick.info
631,Yost,Cyrus,Aylin.Willms@bret.name
425,Bins,Pietro,Freddie_Cremin@korey.io
256,Lindgren,Clay,Reggie@everardo.info
917,Grimes,Maxine,Mellie_Schumm@iva.biz
820,Bogisich,Cordelia,Christelle@gregoria.ca
915,Harªann,Jess,Ruth.McClure@jewel.io
159,Schultz,Tamia,Javonte_McCullough@celestino.me
683,Schmitt,Odessa,Laila_Steuber@bella.tv
944,Kertzmann,Doug,Kristin@deja.us
271,Bailey,Savannah,Armando_Koch@alfredo.net
116,Schaden,Lue,Tre@norval.name
56,Haag,Abdullah,Vernie.Bradtke@ada.info
877,VonRueden,Gust,Alberta_OConner@cristal.io
961,Hodkiewicz,Blaze,Chloe.Considine@ebony.biz
844,Cummings,Lillie,Isaac.Gleason@dee.io
508,Wuckert,Claudie,Warren@jeromy.co.uk
809,West,Casey,Joesph@adelia.org
276,Kiehn,Lia,Baron_Schamberger@asa.us
166,Homenick,Jennie,Misty@nasir.biz
942,Mayert,Lisandro,Mable.Breitenberg@maribel.net
497,Herzog,Celestine,Grady@fleta.info
562,Hane,Kaden,Jazmyn@wayne.net
823,Balistreri,Mary,Ulises.Sporer@cecelia.name
878,Paucek,Chauncey,Adrianna.Koss@dustin.org
948,Jewess,Ericka,Kitty@maud.com
89,Veum,Brandon,Haylie@bailee.io
371,Crist,Tamia,Van@darrin.com
575,Strosin,Ila,Dorothy@abbie.io
559,Torphy,Lee,Eldred_Christiansen@rodrigo.us
294,O'Connell,Carter,Alison@barbara.info
190,Treutel,Marc,Dangelo@hadley.me
916,Stroman,Larue,Alexie@tressa.name
268,Connelly,Anita,Archibald@keshaun.info
273,Bayer,Oral,Lois.Rempel@julian.us
568,Bruen,Nedra,Jada_Cole@leta.io
97,Klocko,Kristin,Fabian@demetrius.me
940,Donnelly,Yasmeen,Juanita.Gaylord@deshawn.biz
285,Veum,Elisa,Danyka@nya.us
480,Bergnaum,Ruth,Johanna@tyrell.net
787,Hills,Theresia,Columbus@davin.org
11,Lueilwitz,Katelyn,Ericka@dorothy.tv
301,Bailey,Kyler,Linwood@matteo.io
939,Bauch,Evangeline,Dora_Hudson@prudence.me
764,Schoen,Julian,Fletcher@eli.name
769,Champlin,Antwan,Jayne.Krajcik@helen.name
219,Streich,Floyd,Sedrick.Christiansen@fae.me
57,Kertzmann,Santino,Marlene_Rogahn@sadye.org
701,Williamson,Rafael,Dangelo@francisca.me
386,Funk,Fleta,Yazmin@milton.biz
69,McGlynn,Isobel,Ian.Schmitt@eden.us
25,Cremin,Nick,Rosendo.Stoltenberg@trevor.us
824,Mayer,Sven,Mervin@jakayla.com
30,Kertzmann,Abel,Liliane_Morissette@larue.ca
661,Bartoletti,Micheal,Spencer_Frami@cali.org
308,Hoeger,Vivianne,Destiny_Doyle@felton.co.uk
205,Schuster,Joan,Tyrel_Buckridge@evan.io
242,Buckridge,Vincent,Kasandra.Cormier@consuelo.net
511,Bailey,Tom,Khalid@javon.ca
448,Connelly,Drake,Adolphus@nayeli.org
62,Pfeffer,Haven,Lewis_Spinka@jimmie.com
117,Fadel,Selmer,Roscoe@devonte.com
521,Kemmer,Raymond,Kale_Rutherford@austyn.biz
538,Treutel,Jamel,Kaden_Konopelski@wava.ca
277,Schuppe,Ola,Ashlynn@curt.biz
294,Eichmann,Clint,Terrence@cortney.me
298,Champlin,Jazmyne,Karine.Feil@marlen.name
519,Greenholt,Adriana,Joshua@grace.ca
887,Bahringer,Alison,Madge_Cummings@alayna.io
301,Corkery,Beatrice,Verona@hillary.ca
896,Tremblay,Aurelia,Robin.Daniel@kianna.net
721,Morissette,Zoie,Eloy_Schiller@margarette.name
252,Schowalter,Earlene,Candido_Gorczany@eddie.net
548,Nicolas,Jennyfer,Lynn_West@vicenta.net
927,Conn,Josefina,Chaz@sarai.net
593,Gleason,Lera,Leonora_Reynolds@edison.co.uk
442,Monahan,Delta,Haskell@heloise.tv
213,Toy,Weldon,Jakayla@desmond.me
741,Funk,Jaquan,Maximus@marcelino.me
415,Grady,Audra,Gunner.Buckridge@mohammad.us
35,Williamson,Makenzie,Destin@shanon.biz
151,Stehr,Albin,Savannah.Wuckert@america.co.uk
219,Harªann,Norberto,June_Dibbert@ocie.io
439,Nikolaus,Finn,Cynthia.Mills@vida.tv
434,Beahan,Elsie,Sigmund_Klein@arvid.name
518,Crooks,Pansy,Kacey@keshaun.name
127,Nolan,Michelle,Dorian@susanna.us
528,Mayer,Telly,Kylee@rory.us
267,Simonis,Orion,Oral.Parisian@maryse.co.uk
540,Bosco,Zechariah,Novella@boris.us
798,Prohaska,Diego,Talia_Tremblay@quinn.biz
466,Williamson,Lucile,Junius@patsy.biz
578,Rogahn,Joshuah,Mittie@judy.info
570,Rosenbaum,Bret,Oda@lucy.us
559,Jacobson,Arnold,Keeley@anibal.io
630,Ziemann,Gianni,Jany@alfonso.info
442,Aufderhar,Houston,Donny@amira.biz
846,Hudson,Germaine,Triston_Spencer@taya.name
803,Schowalter,Lexie,Andy.Grady@beverly.us
664,Goodwin,Cristal,Hillard@wyman.name
868,Pfannerstill,Chester,Raquel@erica.biz
673,Weber,Damion,Price@dawson.info
150,Lang,Shea,Agustina.Corwin@tate.net
874,Bernhard,Nya,Fay.VonRueden@chesley.net
4,Sporer,Albina,Carmelo.Hansen@dessie.info
2,Terry,Aditya,Verlie@lexus.co.uk
746,Hermiston,Nyasia,Evert_West@furman.io
118,Douglas,Laisha,Tatum.OReilly@lindsay.name
222,Hermiston,Belle,Dawson@kurtis.us
97,Barton,Paolo,Gerard@selmer.name
940,Schumm,Lorenza,Jamal@vivian.info
700,Zboncak,Danielle,Josie.Beer@rebeca.name
605,Thompson,Maurine,Elbert_Padberg@joannie.name
170,Schulist,Pasquale,Remington_Ward@tiana.co.uk
358,Corwin,Hillary,Walton_Schulist@betsy.co.uk
497,Jewess,Daisha,Jaida@oscar.ca
114,King,Miguel,Marjory_Zulauf@laverna.name
665,Dare,Patrick,Ward_Will@emory.us
85,Ward,Jolie,Rowan@jaden.info
526,Rohan,Marco,Sarah.Stiedemann@austin.net
724,O'Keefe,Laron,Efrain_Steuber@delpha.co.uk
148,Harber,Theodore,Emmalee@lurline.me
482,Fritsch,Grant,Mercedes@aidan.io
962,Kub,Angelita,Markus_Hahn@lloyd.co.uk
668,Thiel,Wellington,Torey.Haag@jaunita.co.uk
265,Breitenberg,Andreanne,Yasmeen.Heaney@madonna.ca
808,Lesch,Lorna,Kenyon_Macejkovic@russell.biz
615,Jakubowski,Reagan,Kavon@luciano.biz
353,Moen,Sophie,Reagan.Watsica@larry.io
889,Thompson,Dallin,Arianna_Hayes@cary.io
837,Koelpin,Rod,Dorris@chris.tv
36,Will,Eloise,Ronny_Stamm@kitty.biz
52,Krajcik,Emmie,Dashawn.Emmerich@wyatt.me
492,Dibbert,Trenton,Kole@jairo.name
449,Schaefer,Elliott,Cindy_Price@stephan.net
998,Turner,Parker,Reginald@nils.biz
694,Hammes,Hermann,Kenyon@lucas.org
593,Moen,Marcellus,Charley_Sanford@bertrand.com
565,Wunsch,Lauren,Janessa.Heaney@bernie.us
576,Jast,Walton,Chasity.Beahan@lawrence.us
7,Mraz,Einar,Aliza@zane.biz
939,Balistreri,Cheyanne,Drake@adolphus.biz
942,Stanton,Adrian,Carlee_Wilderman@arlene.me
200,Moen,Bernie,Kiley@raymond.ca
628,Romaguera,Casandra,Chaya@nicholas.tv
552,Vandervort,Lottie,Favian.Marvin@hayden.co.uk
261,Goodwin,Aric,Myrna@hunter.co.uk
308,Kautzer,Danny,Edd_Frami@rhea.co.uk
609,Leannon,Carmelo,Arturo.Cremin@jamarcus.name
198,Borer,Sheldon,Lula_Cremin@karen.biz
228,Carter,Antonina,Ali.Block@zachary.name
923,Welch,Demetrius,Myah@samara.us
505,Rice,Conor,Flo.Casper@susanna.info
587,Murray,Noah,Ariel_Raynor@madeline.me
412,Zemlak,Erika,Westley@shanna.biz
875,Rice,Marques,Leslie@jody.co.uk
748,Graham,Adonis,Angelica@cale.us
220,Emmerich,Camilla,Shayne@monroe.me
741,Schmidt,Emerson,Victoria.Dickens@jada.biz
185,Thiel,Twila,Olin.Quigley@ardith.biz
755,Hessel,Quinton,Emmanuel@evie.io
983,Swaniawski,Bennie,Garrison@martina.us
426,Crona,Cristian,Amie_Keebler@joey.name
630,Green,Skyla,Chaz@arvilla.com
931,Hansen,Kallie,Brandt.Hudson@arch.name
58,Cummerata,Catherine,Newton@israel.net
895,Mohr,Mossie,Cletus@austen.biz
341,Feeney,Floy,Katelyn@domenic.org
882,Jakubowski,Dessie,Lysanne_Mills@arely.info
226,Reinger,Jeremy,Monte.Larson@lue.me
299,Hickle,Destinee,Leilani.Luettgen@alyce.name
284,Waelchi,Dolores,Kennedy@marlon.co.uk
450,Graham,Bradly,Geraldine@winona.net
473,Satterfield,Ivory,Flo.Waelchi@eda.co.uk
735,Schaefer,Bertrand,Leatha.Schaden@minnie.co.uk
840,Bashirian,Emerson,Bud@gracie.io
123,Hermann,Marlen,Georgiana.Daugherty@elvis.ca
228,Mohr,Tyson,Gwendolyn_Witting@juliana.name
781,Pagac,Jeromy,Kamren.Kessler@greyson.info
500,Wintheiser,Abbigail,Camilla@ramona.co.uk
988,Pacocha,Raphael,Evert@donny.ca
566,Hilll,King,Frederique_Nitzsche@vella.biz
294,Champlin,Henderson,Terrell@madeline.io
522,Marquardt,Brennon,Elmer@alanna.us
991,Hickle,Belle,Candelario_Lubowitz@kyle.io
18,Collier,Paula,Royce@chloe.tv
670,Adams,Reginald,Nico@ezequiel.biz
478,Kreiger,Rodolfo,Albin@edgardo.tv
451,Rohan,Andy,Alfonzo.Hammes@willy.co.uk
40,Ernser,Ethelyn,Alek@cayla.io
698,Schulist,Peter,Roberto@elza.net
340,Graham,Ephraim,Rosalee@alisha.tv
866,Hudson,Annabel,Sibyl.Torphy@isabelle.com
740,Romaguera,Dante,Bobby@beulah.io
951,Nolan,Emory,Hyman@lorena.info
188,Gerlach,Geovany,Hassie@tressie.ca
697,Prohaska,Junior,Josephine@eladio.io
225,Lakin,Yolanda,Chanelle.Bergstrom@madison.name
175,Glover,Asha,Corene@simone.biz
1,Schmidt,Bridget,Dylan@laura.org
500,Grant,Alfonzo,Dedric@deshawn.ca
707,Schuppe,Anissa,Raphael@jerald.org
785,Rau,Claudine,Sven@kayleigh.biz
200,Effertz,Effie,Dakota@devante.ca
754,Kiehn,Luella,Chandler@ruben.org
573,Schumm,Lila,Alexander@annetta.biz
806,Mills,Idella,Curtis_Funk@michale.co.uk
295,Leffler,Emmy,Jevon@dominique.biz
302,Wunsch,Ari,Clay@delpha.org
390,Kris,Aaron,Nat.Ferry@alaina.co.uk
194,Bechtelar,Marcelle,Levi.Rodriguez@hermann.biz
513,Eichmann,Cristina,Kylee@ethelyn.biz
164,Anderson,Vivianne,Lonny@katelin.tv
320,Cummings,Dasia,Wallace@kristina.net
694,Jast,Garry,Brenna.Denesik@shannon.biz
739,Sipes,Rylan,Lincoln@jermey.biz
70,McLaughlin,Virginia,Wanda@cesar.net
609,Oberbrunner,Korey,Kathryn@alec.net
593,Rosenbaum,Keegan,Reba@nasir.us
833,Feil,Laverna,Nellie@noelia.org
615,Lehner,Benny,Orval.Pfeffer@antoinette.me
774,Bernhard,Fabian,Easton@myron.biz
681,Kuvalis,Jarvis,Eudora_Schimmel@antwan.biz
93,Schinner,Juanita,Joel.Quigley@sigmund.co.uk
322,Renner,Chadd,Braxton@jordi.org
629,Metz,Maria,Seth@isobel.biz
205,Larson,Dolly,Braulio@penelope.ca
581,Kling,Amani,Erica@woodrow.tv
124,O'Connell,Carolyn,Rubie@donald.ca
823,Marquardt,Benedict,Rogelio@jevon.us
188,Ernser,Phyllis,Jermain@crystel.info
904,Auer,Oliver,Newell@shannon.net
545,Hoppe,Alec,Bart_Gerhold@benjamin.me
237,Cronin,Estella,Walton.Koss@nico.biz
252,Swift,Caitlyn,Henry@green.net
226,Batz,Gisselle,Bridget@hattie.io
464,Ward,Warren,Eula@bianka.io
599,O'Conner,Ben,Tyrel.Schaefer@jerrell.io
809,Stroman,Wilma,Michael_Ankunding@barrett.org
339,Hayes,Tre,Cathrine@audra.us
498,Dicki,Hailie,Donna@kiley.com
971,Yost,Germaine,Jesse@cassandra.org
149,Goodwin,Myriam,Roel_Reynolds@lindsay.biz
835,Beier,Ozella,Jasen.Klocko@jacquelyn.net
260,Gutkowski,Hayden,Antonietta_Walker@oceane.me
402,Mraz,Jacynthe,Marilie@katherine.name
224,Gleason,Nikko,Mackenzie@alford.net
989,Ratke,Brianne,Francesco_Marvin@owen.info
220,Dietrich,Earnest,Maude@chase.biz
112,Jones,Sabrina,Adolphus@lazaro.biz
461,Ratke,Rupert,Janelle@dolly.org
560,Gibson,Tatyana,Evelyn_Kemmer@otis.name
65,Gleichner,Brianne,Adriana.Cormier@delaney.us
512,Kunze,Israel,Nyah@olaf.co.uk
260,Graham,Freeman,Adrianna@amanda.me
153,Schoen,Rhoda,Tony_Dietrich@amina.net
593,Wintheiser,Eliza,Sally@simone.us
440,Heaney,Alfredo,Mathew@danial.info
790,Dicki,Tierra,Darlene.Marvin@olin.net
504,Watsica,Lydia,Kenneth_Cruickshank@nels.org
527,Weimann,Daija,Delmer@tyra.org
716,Russel,Charles,Jedediah_Senger@taya.info
780,Goodwin,Laura,Flavie_Stark@jaylin.info
990,Macejkovic,Peter,Lavonne_Funk@luisa.me
895,Pfannerstill,Heather,Joana@nathan.net
302,Pacocha,Onie,Luna.Hane@mallie.io
496,Schoen,Kylie,Joe@fermin.net
689,Beer,Flo,Manuela@lawrence.ca
132,Mueller,Orval,Aurelio@harley.io
10,Homenick,Jules,Josiane@yolanda.biz
761,Carroll,Mona,Einar@andreanne.tv
910,Metz,Emmet,Carmine@alexis.org
429,Beatty,Tyler,Jerrell_Koepp@holden.tv
982,Crooks,Colby,Uriel_Rau@jamel.biz
511,Zboncak,Bradly,Shanny.Miller@ivah.biz
946,Romaguera,Gustave,Kelton@rosemary.us
494,Keeling,Melissa,Thora_Monahan@erling.biz
738,Botsford,Anthony,Hailie@torey.name
498,Weissnat,Stevie,Georgiana_Rice@reyes.biz
377,Reinger,Kiarra,Anais_Hand@schuyler.info
825,Ortiz,Frieda,Ernie@torrance.biz
606,Lehner,Jaquan,Mario.Olson@tristian.name
718,Ryan,Sincere,Elvera@amanda.net
213,Morar,Gonzalo,Guy_Cartwright@concepcion.name
990,Hills,Beau,Micheal@kyla.name
971,Raynor,Madisyn,Demarcus@denis.biz
196,Rippin,Alfredo,Mabelle.Larson@adelle.tv
457,Connelly,Ismael,Ansley@clare.io
416,Fisher,Tania,Guiseppe@maegan.tv
682,Langosh,Alessia,Moshe_Fritsch@idell.org
980,Cronin,Antoinette,Earlene.Howell@aditya.name
94,Boyer,Stefanie,Noel.Okuneva@ayla.biz
667,Hauck,Vivian,Tillman@madeline.org
527,O'Connell,Misael,Dannie.Mante@courtney.biz
681,Schaden,Lilla,Edwardo@eileen.biz
785,Kulas,Lavern,Brandt@fabian.net
2,Volkman,Adelle,Samir@golda.name
889,Heathcote,Esmeralda,Isai@antonia.io
950,Bechtelar,Hermina,Derek@adan.name
157,Deckow,Jordon,Gaylord@emiliano.co.uk
107,Cummings,Maci,Chasity_Johns@elsa.net
153,Rogahn,Tremayne,Tyrell@nia.io
306,Senger,Sigmund,Nicola.Goyette@bertram.net
853,Wilderman,Esteban,Haylie.Hahn@reyes.co.uk
754,Schmidt,Enos,Stuart@astrid.biz
363,Borer,Alec,Ike@kennedy.biz
924,Kilback,Maxine,Easton.Tillman@sam.biz
171,Bode,Alysa,Zackery@buddy.ca
297,O'Hara,Lukas,Terrell@billy.io
570,Hilpert,Rosanna,Ivy_Jenkins@alexandro.net
609,Glover,Jovan,Shaun_McGlynn@oma.tv
133,Sipes,Hunter,Roberto.Bradtke@wyman.org
890,Blick,Furman,Jessica@stuart.me
124,Wilderman,Steve,Kacie@mariela.com
769,Schneider,Claire,Germaine_Rohan@vilma.me
644,Beahan,Loyal,Amiya@jordon.com
510,Nicolas,Imani,Sebastian.Collier@eliseo.io
851,Stamm,Nia,Colby@aurelie.co.uk
52,Lemke,Carrie,Ethel@luigi.biz
342,Hand,Julian,Olen@okey.tv
338,Lesch,Alaina,Clyde_Beer@tanner.name
490,Kiehn,Rolando,Antonina@jaeden.net
413,Reichert,Clay,Manuela@oswald.biz
314,McKenzie,Kallie,Kennedi.Waters@orpha.org
118,Goodwin,Kira,Johanna.Schimmel@ephraim.io
751,Sanford,Queen,Meggie.Ankunding@hilton.biz
627,Bins,Joyce,Jamal.Parisian@briana.net
652,Jewess,Rogelio,Warren.Shields@antonette.info
637,West,Wilmer,Genesis_DuBuque@payton.com
907,Price,Electa,Skye@kaylee.ca
787,Quitzon,Paxton,Saige@lucienne.io
815,Emard,Stanley,Amalia@sean.biz
501,Stamm,Liliana,Chad_Weissnat@destinee.biz
820,Kuphal,Conor,Jett_Rogahn@perry.biz
41,Kemmer,Delilah,Baby_Konopelski@myrtice.biz
675,Marvin,Levi,Karolann@frederic.me
18,Rowe,Elvie,Kylee@cindy.us
0,Brown,Dennis,Martine.Kautzer@rebeca.info
326,Cronin,Eve,Mervin@josefina.info
196,Murazik,Rossie,Antonietta_Goldner@georgiana.me
947,Herman,Titus,Arielle@bernice.io
762,Schneider,Adrienne,Althea.Wisoky@name.biz
165,Von,Coty,Everette@estevan.me
746,Davis,Mireille,Jaeden@reese.name
149,Vandervort,Palma,Sanford@marlene.biz
457,Waters,Dustin,Autumn@savanna.ca
546,Runolfsson,Hillary,Caitlyn@anderson.us
500,Aufderhar,Pete,Lilliana@victoria.us
343,Powlowski,Ana,Moriah@angelo.info
732,Conn,Cortney,Destin@dillon.us
770,Johnson,Juliana,Houston_Howe@rubye.tv
914,Hackett,Justina,Anastasia@alford.info
259,Huels,Raul,Thelma@deshawn.us
412,Veum,Keith,Maxwell@luther.biz
570,Dooley,Stephany,Madie_Gottlieb@jannie.biz
489,McGlynn,Marge,Mercedes@reilly.biz
369,Wiza,Newell,Thurman_Jacobi@keely.us
795,Ziemann,Janelle,Parker@cristal.name
993,Gaylord,Layne,Genevieve_Turner@clay.info
242,Lockman,Blake,Christelle.Herzog@tavares.me
305,Ryan,Giles,Howard_Will@rogers.biz
835,Carter,Abel,Mossie@krista.me
592,Dach,Alexandre,Monte_Lakin@godfrey.ca
722,Pfannerstill,Malachi,Katlyn@kyleigh.biz
372,Barrows,Elta,Dakota@declan.info
914,Stokes,Jada,Colt@hilario.me
870,Kuphal,Corbin,Alexandrine.Green@alberta.io
801,Boyle,Jerrod,Guido.Wilderman@barton.info
891,Kessler,Haven,Alexandria@dallas.tv
222,Lebsack,Alvah,Alfredo@dominique.biz
663,Sauer,Otho,Colby@columbus.info
100,Kuphal,Assunta,Rose@tom.net
883,Greenfelder,Hester,Taya@elza.tv
805,Hackett,Trevor,Brant.Herman@arturo.me
284,Schmeler,Annamarie,Jayda@nigel.us
229,Smith,Rudolph,Roy@gretchen.co.uk
814,Kemmer,Maggie,Gregory.Parisian@rozella.biz
490,Anderson,Daisha,Yasmine.Durgan@isaiah.biz
687,Herman,Meredith,Electa@mitchell.io
48,Gulgowski,Royal,Sienna@lance.tv
703,Rogahn,Dashawn,Zackary.Olson@tracy.us
946,Little,Lea,Ervin.Turner@timmy.ca
820,Nitzsche,Adan,Immanuel@marilou.co.uk
584,Herzog,Kenneth,Margarette@silas.tv
834,Jacobson,Serenity,Velda@nathanial.net
437,Hyatt,Conrad,Larissa_Reynolds@lera.com
885,Adams,Deontae,Magdalen.Green@salma.ca
572,Lebsack,Murphy,Jonathan.Rutherford@gussie.us
404,Barton,Alejandrin,Elda@kenyon.info
365,Morissette,Dayton,Rosina.Yundt@llewellyn.name
963,Veum,Helmer,Delia.Harber@aglae.biz
902,Spencer,Clemmie,Jamal.Nitzsche@jabari.me
501,Rodriguez,Taryn,Carlee@lura.net
242,Simonis,Lera,Johnnie@alexander.biz
996,Bayer,Rachael,Burley.Hayes@clifford.biz
294,Lockman,Alison,Vergie_Haley@katherine.net
880,Hills,Jaclyn,Sanford@maximillia.info
47,Kuvalis,Dee,Paige@kamron.name
5,Russel,Lewis,Daron_Schumm@rachel.tv
879,Beer,Melvin,Esta@jeremie.ca
308,Zulauf,Lucy,Jeff@abby.net
558,Bins,Obie,Jazmyn_Schuster@michale.info
64,Walsh,Rhianna,Jay_Konopelski@muhammad.io
453,Klocko,Rose,Helmer@malinda.biz
980,Maggio,Leta,Bailey@gabriella.name
353,D'Amore,Jacky,Summer@carmella.tv
360,Torphy,Vaughn,Dillon_Kuvalis@friedrich.org
906,Sporer,Mack,Darwin@marcelina.name
579,Tremblay,Vern,Danny@rosetta.tv
308,Wuckert,Eric,Torey@tess.me
738,Hamill,Michele,Domenic_Balistreri@kylie.biz
299,Rippin,Jay,Selena_Harris@katheryn.com
432,Schamberger,Agustina,Jan_Schneider@wilbert.co.uk
118,Zemlak,Jaqueline,Casper_Thompson@robbie.net
726,Koelpin,Delmer,Pearlie_Mayer@sasha.us
79,Krajcik,Marlen,Dayton.Durgan@gisselle.info
6,Monahan,Alessia,Palma@keanu.info
130,Green,Amara,Kim.Koepp@giovani.us
343,Pacocha,Melisa,Dorthy@manley.biz
746,Gulgowski,Kara,Cora.Runolfsson@abdullah.info
147,Schaefer,Earnest,Harry@kara.ca
345,Schumm,Davion,Leif@taryn.io
562,Abernathy,Sydnee,Kendrick@estelle.net
209,Okuneva,Holden,Nicholas.Barton@morton.net
408,Klein,Colby,Graciela@ronaldo.us
732,Vandervort,Keira,Wava.Sanford@claudie.co.uk
103,Monahan,Jocelyn,Garrison.Wilderman@dasia.net
195,Walker,Burdette,Ashton@ashly.name
277,Hand,Rashad,Gilberto@sheldon.info
635,D'Amore,Ryan,Audie.Hand@vernie.info
777,Nienow,Sandrine,Wilford@domenic.biz
503,McKenzie,Nikki,Rhea@daniela.net
153,Pagac,Pedro,Reilly@addie.org
711,Torphy,Carmel,Savanah@horace.info
878,Larkin,Catharine,Meta.Quitzon@tyshawn.net
275,Becker,Nicolas,Suzanne@violette.com
662,Sipes,Madison,Jacey.Lind@dominic.biz
69,Grady,Brenna,Sonya@conor.name
492,O'Connell,Abraham,Violette_Schumm@santino.co.uk
196,Volkman,Rowan,Karina.Hirthe@cassandre.name
205,Leannon,Antoinette,Rudolph@kamille.biz
586,Jacobson,Destiny,Leanne.Mohr@deshaun.com
914,Daniel,Adelle,Jadon@jerel.com
440,Rohan,Laura,Nichole@elyssa.info
514,Friesen,Jeffrey,Ezekiel@marilie.biz
452,Blanda,Palma,Lew@milford.io
776,Berge,Drake,Larry@myrtice.biz
592,McDermott,Jayda,Cordell.Schumm@osborne.biz
172,DuBuque,Emelia,Hildegard@nicolas.name
881,Christiansen,Caterina,Audra_Langosh@hollie.info
246,Leuschke,Toni,Eleonore_Reilly@eliseo.name
345,Orn,Tobin,Ari@mario.org
297,Lindgren,Marta,Marilyne.Hickle@lelia.name
641,Emard,Gaston,Kenyatta@jerome.ca
997,Hirthe,Roslyn,Jordi@keegan.org
827,Greenholt,Cecelia,Toby_Lynch@jesus.name
896,Maggio,Lauretta,Lexie@aimee.org
814,Howell,Malika,Marianne_White@randall.us
137,Gibson,Rosina,Keagan.Stehr@kathryn.org
584,Carroll,Arnaldo,Stewart_Kessler@brooklyn.me
155,Wilderman,Hettie,Esther@graham.com
616,Reilly,Mauricio,Frances@gage.name
915,Gleichner,Annabelle,Humberto.Gerhold@jaydon.us
743,Bode,Sanford,Zena@josephine.com
322,Mraz,Monroe,Triston@alexandro.io
778,Swift,Reva,Peggie.Walker@wilfred.tv
754,Cole,Jammie,Jazmyn@reinhold.us
45,Cummings,Tavares,Bud.Balistreri@lori.org
660,Runolfsson,Ofelia,Meta@jabari.biz
535,Johnston,Jazlyn,Isabelle.Schaden@frida.net
858,Cruickshank,Burley,Mossie_Fadel@jamey.name
378,Witting,Tanya,Helena_Schowalter@esteban.com
62,Gleichner,Edna,Jerome@dorcas.me
88,Jacobson,Leonardo,Faye_Stroman@oren.io
607,Trantow,Richie,Coby.Champlin@americo.co.uk
153,Stoltenberg,Hyman,Matilde.Mills@marge.com
763,Stoltenberg,Wanda,Claire_Mayert@hassan.ca
389,Koch,Cecil,Maverick@jairo.com
172,Thiel,Laron,Jesse@dina.biz
78,Hoppe,Abagail,Alexandro_Aufderhar@pascale.name
949,Mosciski,Amir,Natalie.Gorczany@drake.ca
585,Spencer,Randall,Junius@tomas.name
295,Pollich,Coralie,Jensen@king.io
450,Carroll,Sophia,Robert.Miller@marc.ca
19,Muller,Helena,Colleen@josianne.io
416,Schmidt,Jamar,Adolphus.Bergstrom@sylvester.net
72,Ratke,Cortez,Mallie_Kuhn@fiona.org
531,Heathcote,Armando,Earlene@buford.biz
77,Jacobs,Eusebio,Trinity.Botsford@dell.ca
873,Brown,Maxwell,Friedrich.Cummings@delta.me
173,Ankunding,Hellen,Felix.Swift@trevion.io
173,Bailey,Murray,Kim_Carroll@cameron.org
635,Ledner,Raina,Alena@skye.tv
811,Zieme,Emory,Carmen@emmett.name
590,Flatley,Andrew,Neha.Feil@dillan.com
188,Purdy,Brando,Leone.Hirthe@naomie.ca
149,Wiza,Manuel,Casandra@jack.biz
59,Buckridge,Pierce,Brennan_Kshlerin@silas.net
998,Cremin,Katheryn,Faustino@lance.co.uk
694,Christiansen,Cletus,Burnice_Hegmann@jaquan.biz
973,Kozey,Mekhi,Leila@nona.net
554,O'Connell,Gunnar,Greyson@willie.biz
983,Sawayn,Eugenia,Darrick_Gleichner@marcelina.info
778,Ullrich,Jarvis,Juvenal_OHara@ana.us
743,Quigley,Peggie,Elza.Robel@joan.tv
808,Thompson,Alice,Cecelia@emmett.io
321,Johns,Thad,Gay.Roberts@clark.name
530,Luettgen,Bryana,Tyson_Mills@gus.us
551,Walsh,Raul,Jarret@harry.co.uk
721,Reichert,Buster,Abdullah@yoshiko.biz
960,Hane,Sienna,Janice@ayana.org
911,Hermiston,Melody,Moses_Hilll@rozella.co.uk
458,Schulist,Mary,Lew.Greenholt@tyshawn.biz
885,Hilpert,Fiona,Jeanette.Beier@broderick.biz
278,Wolf,Elda,Alexander@teresa.biz
716,Bradtke,Franco,Ted@velva.biz
580,Welch,Ransom,Enola_Gerlach@forest.me
714,Terry,Georgianna,Edison.Witting@gussie.biz
433,Treutel,Lucile,Bettye@jamir.com
686,Reinger,Baron,Francisca.Corkery@geraldine.biz
472,Schaden,Alvena,Sebastian@brittany.ca
295,Fritsch,Gavin,Tina.McClure@paxton.io
116,Beahan,Yolanda,Cathy.Donnelly@yadira.tv
668,Williamson,Tyler,Travis.Moen@donato.biz
823,Wiegand,Jaylen,Roberto@etha.ca
513,Deckow,Josephine,Baby.Tremblay@zachary.net
436,Heathcote,Kaela,Roma@beryl.tv
108,Wiegand,Ila,Doyle_DAmore@jeramie.org
659,Greenfelder,Yoshiko,Jocelyn@shyann.net
156,Kerluke,Spencer,Cristian@jaleel.info
989,Wuckert,Jerome,Danielle_Flatley@antonietta.info
200,Harvey,Guiseppe,Kiel.Hayes@anastasia.name
173,Hane,Jonathon,Mikayla@joseph.biz
425,Hettinger,Cassandre,Brigitte@owen.biz
582,Blick,Bette,Valentine_Stark@kaylah.biz
415,Halvorson,Alford,Adrianna@ariel.biz
920,Brekke,Aaliyah,Alford@osvaldo.co.uk
371,Graham,Elenora,Billie@anastasia.org
22,Lockman,Wilson,Trinity@aiyana.us
892,Beer,Alexander,Raphael.McKenzie@nikita.info
463,Braun,Ayana,Johann_Lebsack@shirley.com
996,Larson,Alva,Kylee@olaf.tv
189,Zboncak,Deion,Cameron@audrey.info
239,Ward,Malachi,Kylee@ally.tv
154,Schamberger,Cleta,Kira@oliver.info
745,Herman,Vance,Trevor@aditya.io
900,Padberg,Margarett,Kim@stephan.net
888,Stracke,Nathan,Teagan.Goodwin@tracy.org
451,Halvorson,Tate,Elroy@jean.tv
162,Bahringer,Orland,Spencer@amya.net
834,Schimmel,Merlin,Jedediah_Stehr@ethyl.me
124,Lindgren,Rey,Lucious@ed.org
46,Harris,Alysa,Aubrey@mathew.me
765,Konopelski,Earline,Stan.Huel@hollie.net
817,Schaefer,Emerald,Idella@evert.me
374,King,Eusebio,Lempi@providenci.net
289,Mayer,Clay,Johathan@dannie.info
364,Stracke,Christy,Destiney@ophelia.org
58,Bernhard,Maximilian,Libbie_Sawayn@bryana.info
370,Rice,Gustave,Misael_Bauch@destiny.tv
371,Stark,Reese,Rickie_Smitham@betty.co.uk
648,Hoeger,Delores,Taryn@jennings.us
769,Spencer,D'angelo,Rosetta.Brown@amelie.us
271,O'Keefe,Shanna,Vaughn.OHara@dayna.com
208,Altenwerth,Kamryn,Sigrid@dallin.com
783,Pfeffer,Shawn,Damian_Beer@lonny.org
337,Larson,Rhoda,Haylee_Kutch@olaf.biz
611,Torp,Levi,Lisandro.Rice@lillian.io
654,Raynor,Aida,Elnora@kade.us
364,Crist,Elton,Rebeka@ella.us
263,Balistreri,Vaughn,Aleen@chris.co.uk
193,Dare,Maudie,Ronaldo@eldora.ca
182,Cronin,Hyman,Domenick@will.com
802,Gulgowski,Violet,Jess.Schimmel@marcos.biz
725,Cummings,Lindsay,Rozella_Blanda@vern.tv
801,Littel,Wilfrid,Mateo@hannah.io
198,Kerluke,Parker,Elmo@jenifer.biz
225,Strosin,Carlie,Norris_Bartell@amani.net
516,Shanahan,Erwin,Lamont@malvina.org
422,Legros,Monserrat,Barrett@kyleigh.ca
549,Mraz,Jordy,Orrin.Hermann@alyce.org
466,Schmitt,Zul,Lorenzo@lesley.org
975,Russel,Linnea,Maximus.Mueller@ophelia.org
294,Kulas,Carolina,Dariana@nathaniel.co.uk
255,Jerde,Berry,Caitlyn@hosea.info
995,Herman,Bernard,Donny@moises.co.uk
337,Schulist,Casper,Bulah@camren.name
400,Murphy,Faye,Ashtyn@shana.tv
273,Lueilwitz,Bill,Jan@lupe.tv
287,Watsica,Stone,Mathias@archibald.tv
417,Muller,Vena,Mavis_Maggio@rosamond.ca
568,Haley,Verda,Margarett@malika.us
956,Lubowitz,Alana,Kathleen.Donnelly@bria.us
905,Harvey,Linwood,Krystina@shawn.me
186,Lueilwitz,Jonathan,Will_Torp@lauriane.co.uk
747,Langosh,Natalia,Cade@octavia.ca
77,Jewess,Salvador,Ellsworth@tiara.io
310,Gibson,Polly,Lulu@kristoffer.com
66,Russel,Kylee,Lilyan@randi.io
270,Kub,Uriah,Viviane@christine.biz
572,Kuhn,Jena,Reta@vilma.name
83,Ondricka,Zoe,Alvis_Ferry@yolanda.me
473,King,Devyn,Tobin.Lang@nicole.ca
510,Bernhard,Rosemarie,Ryley@alfred.ca
408,Kunde,Martin,Gabriella@sarah.biz
638,Kiehn,Cierra,Norris_Kozey@una.info
512,Ruecker,Maureen,Gaylord.Padberg@maximilian.tv
623,Pollich,Alia,Unique.Bergstrom@cayla.co.uk
321,Rice,Bradly,Chadd@lorena.us
72,Langosh,Briana,Jerry@kristoffer.io
212,Shields,Meda,Isaac@emanuel.me
85,Bernhard,Miracle,Gregg@jeff.org
72,Kutch,Rita,Diamond@micheal.co.uk
210,Schiller,Vidal,Marcelino@nestor.ca
167,Schoen,Erling,Rex@vergie.info
977,Barton,Camille,Leo.Collier@rey.me
453,Nolan,Braeden,Lamar.Lowe@mackenzie.me
85,Torphy,Maeve,Alessandro@tyrique.name
527,Leuschke,Dillon,Jaime@bernhard.me
512,Weimann,Mariah,Adaline.Bartoletti@augustus.info
224,Spinka,Kale,Nakia@johnny.biz
728,Lubowitz,Omer,Candice@frieda.me
38,Lubowitz,Korbin,Dejah@mikel.com
578,Satterfield,Leone,Sabryna_Torp@arturo.me
576,Balistreri,Shea,Ashleigh_Yost@dasia.com
555,McLaughlin,Colton,Laurence_Larson@ruthe.ca
991,Carroll,Wava,Amira@jefferey.net
253,Braun,Rhett,Christine@ron.org
580,Stracke,Cordell,Krystina@toni.biz
277,Schulist,Katlyn,Barrett@raheem.net
416,Kovacek,Velva,Amara.Grimes@edison.net
859,Walker,Amos,Lonnie@timmothy.biz
623,Rodriguez,Zack,Krystal@dora.tv
705,Ritchie,Reece,Jed@johanna.co.uk
457,O'Reilly,Andy,Lelia@damaris.info
802,Stoltenberg,Everardo,Aniya@elsie.org
922,Cronin,Orion,Loyce@solon.org
983,Block,Stevie,Kari@shirley.us
146,Williamson,Luella,Elva@gilberto.me
857,Monahan,Clare,Dana@kellie.biz
141,Harvey,Roy,Antonina.Barrows@mohamed.net
589,Hane,Arnulfo,Aron_Durgan@isabell.me
162,Considine,Seamus,Myrna_Champlin@antonietta.biz
294,Rutherford,Donnell,Santina@kacey.org
211,Anderson,Jeromy,Horacio.Hegmann@pamela.tv
911,Cronin,Werner,Jalen@harry.biz
869,Renner,Landen,Cortez.Legros@myra.info
318,Franecki,Thora,Reuben_Hessel@elenor.biz
112,Harvey,Linwood,Reyes_Hodkiewicz@stephon.ca
516,Mitchell,Ora,Kailyn.Goldner@lucy.name
859,Pfannerstill,Kyle,Ansel_Mraz@eduardo.me
738,Schaden,Ulises,Nova_Dickinson@travon.co.uk
18,Pollich,Shaniya,Chloe@violet.info
172,Abshire,Stanley,Tess@rachel.tv
615,Beier,Lela,Murphy.Cruickshank@ola.com
378,Gottlieb,Ernestine,Sydney@donnie.io
955,Wunsch,Kelvin,Terence@damaris.org
89,Flatley,Leanna,Leola@april.org
183,Feest,Ellsworth,Lily@laverne.biz
220,Kuphal,Camila,Letitia_Dach@roscoe.name
204,Fay,Angie,Brenda.Mertz@brendon.tv
357,Shields,Edwardo,Everett@emely.biz
300,Thompson,Darren,Kitty@kamryn.org
463,Harvey,Jerrod,Aurelia@dulce.biz
299,Moen,Rita,Mylene@delphia.com
815,Farrell,Meta,Cristina_Stiedemann@zul.net
148,Frami,Margot,Dillon@ted.io
279,Cremin,Dena,Carlie@tavares.me
381,Howell,Marilyne,George@austin.info
12,Stroman,Eldridge,Daphne@ceasar.io
709,Fay,Brigitte,Alvah_Graham@queenie.biz
295,Boehm,Carmel,Kendrick.Johnston@nakia.us
777,Farrell,Geovany,Myriam@candace.me
996,Jewess,Nolan,Julia@boris.biz
740,Botsford,Brigitte,Winnifred_OHara@felicita.net
245,Pacocha,Lorenza,Chris.Kling@osvaldo.io
37,Gottlieb,Meghan,Brendan_OReilly@lessie.co.uk
919,Ferry,Violet,Amiya_Bradtke@adrien.ca
892,Eichmann,Demario,Vernon@jason.name
628,Dietrich,Amie,Heaven_Lebsack@kelton.info
411,Rau,Elta,Susan@gennaro.net
218,Robel,Alexander,Heaven_Smith@sydnie.us
177,Kautzer,Dejuan,Jillian@liana.org
531,Ritchie,Macy,Enola@issac.io
422,Klocko,Trudie,Anne_Champlin@cornelius.biz
500,McKenzie,Kacie,Gladys_Labadie@curt.net
354,Beer,Howard,Bonita.Morar@harley.tv
757,Fay,Carissa,Maxie.Blick@okey.ca
795,Beatty,Garfield,Ward@danny.net
454,Murazik,Kiana,Gerson@chris.co.uk
700,Harvey,Edward,Mitchel@kelli.net
211,Terry,Brendan,Kavon@emilie.com
58,Batz,Flavie,Coby@antonette.us
981,Weimann,Selmer,Quinten.DAmore@kip.com
423,Keebler,Brenna,Easton_Champlin@shirley.biz
864,Padberg,Dena,Anjali@belle.tv
397,Brown,Martine,Mervin@joseph.tv
691,Rice,Jannie,Dee@karlee.biz
929,Gottlieb,Edd,Hollis_Turcotte@jarvis.tv
900,Streich,Trenton,Will@zackary.biz
782,Heathcote,Roselyn,Gia.Schmidt@burnice.biz
582,Luettgen,Lora,Garfield.Towne@jarret.org
897,Purdy,Adolfo,Karelle@rhoda.io
906,Wolf,Karelle,Jackson_Bergnaum@patrick.info
435,Rutherford,Doris,Eulalia.Weissnat@virginia.io
366,Stokes,Heather,Layne@wayne.net
474,Zieme,Vivian,Virginia@ludwig.info
792,Watsica,Jermain,Eugene_Fahey@randal.org
471,Koch,Camila,Quincy@mikayla.co.uk
374,Champlin,Adan,Osvaldo_Klein@mckayla.com
20,Haag,Antonetta,Jazmyn@kylie.com
285,Jast,Otha,Nicolas_Schamberger@nakia.biz
770,Christiansen,Maggie,Camron_Ruecker@danielle.tv
247,Kris,Rylee,Heloise_Veum@turner.info
764,Boehm,Erika,Gregg.Hills@bryon.io
286,Kuhn,Delfina,Clark@earnestine.info
555,Borer,Erick,Jackeline@aubrey.me
180,Terry,Mackenzie,Raegan_Volkman@wilfrid.me
601,Hamill,Monte,Mortimer@reed.biz
677,Jerde,Anabelle,Deangelo@evert.biz
756,Koelpin,Neoma,Toy@shaun.us
102,Dooley,Emile,Craig@idell.biz
705,Nolan,Derek,Tiara@rupert.co.uk
635,Treutel,Rahul,Bradly@lydia.net
864,Barton,Michaela,Oda@winston.us
246,Gleichner,Kamryn,Kamille.Hettinger@francesca.org
138,Treutel,Cassidy,Jerry@aisha.biz
898,Roob,Kane,Marie.Grady@theo.biz
742,Medhurst,Raquel,Joan@lindsey.tv
388,Hirthe,Ebba,Kiley@gia.biz
652,Fay,Hilario,Willa_Bashirian@kirk.info
500,Brekke,Elmo,Stan@beaulah.io
913,Conroy,Karianne,Hilbert@trenton.com
348,Turcotte,Ivy,Napoleon@natasha.net
664,Schuppe,Consuelo,Annabel@nasir.biz
984,Senger,Watson,Jackeline@ernest.info
413,Hamill,Gerda,Muhammad.Hauck@tremaine.com
208,Grady,Troy,Haley@athena.name
749,Bartell,Deonte,Freeda.Champlin@doug.io
280,Lowe,Ed,Furman_Jacobson@jeff.name
529,Senger,Clay,Johnnie@jaquan.org
765,Hackett,Maximilian,Gene.Ziemann@camylle.net
363,Turner,Jamaal,Keven@camden.co.uk
376,Jewess,Jorge,Vance@bette.me
827,Ebert,Destany,Flossie.Abernathy@mable.info
15,Lindgren,Cheyenne,Rae@rhett.net
722,White,Jon,Oliver.Bednar@monty.me
364,King,Rubye,Henderson@corene.io
913,McLaughlin,Deontae,Maybelle@jayson.name
314,Nikolaus,Asia,Rogers.Schmeler@colten.org
740,Schuster,May,Richie@gino.org
704,Lesch,Darrel,Chad@graciela.name
132,Hills,Herta,Tyson@janet.com
845,Nienow,Adah,Bryon@michelle.name
844,Kunde,Clare,Clifton@floy.com
820,Frami,Bailee,Crystel@maryam.us
498,Hamill,Orlo,Wellington@damien.biz
229,Treutel,Raymond,Jerod_Heidenreich@raul.org
923,Muller,Annabell,Jaydon@devonte.io
266,Gulgowski,Terence,Alford.Veum@orval.name
127,Cormier,Hazel,Michaela@marlee.org
149,Herzog,Gregorio,Darrick.Pollich@jayden.me
988,Senger,Clay,Salvador@shaun.tv
33,Jacobson,Montana,Maymie@osbaldo.co.uk
129,Parisian,Lynn,Fanny.Senger@elenora.com
897,Wisozk,Taya,Jamir@ulices.us
333,Huels,Ramona,Karelle.Witting@judy.tv
660,Rice,Lori,Hilda.Bernier@immanuel.net
913,Roberts,Amaya,Rita@nicole.name
130,Russel,Hans,Gilbert@dayton.ca
783,Cummerata,Ewell,Adam@austyn.biz
610,Russel,Guido,Leland.Ritchie@otho.biz
115,Will,Cecilia,Courtney.Labadie@evalyn.biz
626,Schroeder,Penelope,Elissa@ora.us
881,Hayes,Amelia,Alexandro@gregoria.org
848,Windler,Freeman,Efrain.Hickle@stevie.biz
498,Lubowitz,Kenyon,Elza.Bashirian@fern.name
34,Hyatt,Geovany,Felicita@austyn.com
145,Pacocha,Blaise,Dejuan_Kub@amya.info
247,Kris,Hilbert,Karlee@micaela.com
986,Wilderman,Clyde,Brigitte_Hirthe@brandon.ca
1,Marquardt,Armando,Sincere_Collins@faustino.io
94,Schneider,Rigoberto,Kaitlyn.Deckow@trevor.info
960,Barrows,Bella,Kelton@esmeralda.us
188,Torp,Mohammed,Marilou_OConner@finn.biz
356,Dooley,Jackeline,Nelle_Fritsch@maiya.info
363,Prosacco,Emiliano,Federico.Kiehn@ericka.me
489,Blanda,Madison,Luna@marie.io
637,Moore,Maegan,Damian_Thiel@arden.biz
429,Jaskolski,Flavie,Rosella@ethel.com
436,Mohr,Deven,Annabel@rowland.io
680,Kemmer,Lonnie,Winona_Welch@pinkie.name
463,Jacobs,Toy,Josianne@tania.name
472,Pfeffer,Jerel,Maureen_Stamm@sherwood.ca
157,Johns,Jarred,Lula.Bogisich@benton.com
626,Cormier,Mckenna,Brittany@araceli.me
566,Mraz,Kattie,Anne@eliezer.ca
607,Bode,Maymie,Anissa.Lockman@alexandria.ca
368,Bayer,Terence,Steve@kurtis.biz
950,Cummings,Trisha,Elisha@kaylee.biz
389,Haag,Stephania,Candice_Hayes@pearl.io
492,Cole,Mekhi,Citlalli_OConnell@adalberto.us
831,Osinski,Henriette,Rosie@fidel.info
221,D'Amore,Antwon,Ruth_Hudson@alfonso.io
744,Ledner,Patsy,Garrett@laura.com
783,Hauck,Tristin,Pattie@herta.me
542,Runolfsson,Woodrow,Jay.Kling@piper.us
628,Ryan,Nathanael,Hank.Rice@jodie.info
365,Monahan,Imani,Autumn.Shields@keyon.us
652,Mraz,Lester,Rosendo@chanel.net
295,Reichel,Wanda,Triston.Bergnaum@josie.tv
558,Weber,Talia,Frederique.Hane@nyasia.io
736,Christiansen,Filomena,Nelson.Upton@angel.us
716,Schamberger,Athena,Maeve_Schamberger@beau.com
661,Turner,Jerrell,Katherine.Brown@gideon.tv
102,Marvin,Keegan,Barbara.Walker@mortimer.io
630,Kunze,Jordy,Marcelina_Hudson@gaston.io
832,Maggio,Aaliyah,Wilhelmine@jacey.name
86,Harªann,Blair,Alysa.McClure@dedrick.net
521,Sipes,Corene,Alexandrea@harley.tv
946,Turner,Malcolm,Harry@nickolas.com
546,Simonis,Vidal,Flavio@lenora.net
579,Abernathy,Magdalen,Fredrick_Harber@alex.co.uk
440,Lubowitz,Cristal,Laurie_Koss@minerva.us
180,Schumm,Helene,Idella@leanna.org
150,Pollich,Jermain,Vivianne_Dibbert@raleigh.name
119,Dach,Rocio,Yadira_Crist@lia.net
442,Senger,Garfield,Trace_Buckridge@deron.io
727,Stokes,Elouise,Wilford@ericka.net
224,Yundt,Sarai,Roger@cedrick.ca
883,Sanford,Drake,Amiya@mavis.tv
408,Graham,Raphaelle,Darryl@trevion.org
270,Altenwerth,Jessie,Cesar@alva.biz
182,Fisher,Clemmie,Hallie_Williamson@whitney.tv
993,Bergnaum,Ryan,Armando_OConnell@kayla.co.uk
469,Littel,Zetta,Chester@lavinia.us
805,Smitham,Beau,Ricky@ben.ca
254,Douglas,Patrick,Myra@tamara.name
837,Emard,Bernardo,Walton@mariah.io
122,Hoppe,Sarina,Cecilia_Moore@kayley.us
65,Ruecker,Rhett,Madison.Koch@arturo.org
547,Larkin,Brice,Ed@shany.me
708,Schroeder,Andrew,Garett_Jones@ryley.biz
526,Friesen,Cydney,Garnett_Conn@meta.biz
842,Bailey,Dallas,Oral@murl.io
673,Gaylord,Alec,Ernestina.Schuppe@osvaldo.biz
230,Borer,Devante,Leonardo@bennett.com
721,Langworth,Nina,Tony@london.io
764,Runolfsson,Xavier,Halie@timmy.us
636,Lemke,Elouise,Maryjane@tristin.org
683,Schumm,Ray,Junius_Kuphal@helen.tv
112,Wiegand,Elsa,Zoey@roberta.com
871,Bergnaum,Queenie,Mossie_Paucek@macie.tv
166,Altenwerth,Reanna,Lelah@robb.name
102,Baumbach,Ray,Jamir@earnestine.us
608,Schultz,Melvin,Priscilla_Stehr@mohamed.ca
905,Bradtke,Alisa,Reggie.Ryan@delpha.co.uk
511,Rolfson,Roslyn,Bailee@arvid.com
321,VonRueden,Terrell,Cristina@ophelia.co.uk
813,Volkman,Amiya,Frederic_Abbott@margret.org
782,Runte,Dianna,Robin.Wiegand@nicola.us
228,Olson,Misael,Dario@spencer.net
639,Cole,Magnus,Adela.Bechtelar@claud.io
829,Renner,Brooklyn,Lilla_Tromp@laverne.biz
574,Witting,Dexter,Loma@laron.us
310,Armstrong,Jarrod,Maiya.Kshlerin@delta.tv
795,Volkman,Florida,Iliana@liam.me
622,Kemmer,Rashad,Kariane@raleigh.biz
659,Heaney,Alexandrea,Eveline@dana.biz
41,Kautzer,Maude,Heloise_Krajcik@quentin.biz
417,Beier,Gia,Ophelia_Kiehn@haylie.io
401,Bechtelar,Lawrence,Daryl_Wilderman@walker.biz
49,Rohan,Collin,Jewell.Torp@bridie.me
61,Bradtke,Fannie,Keshaun@zena.name
397,Abshire,Laurianne,Monty_Dickens@retha.tv
84,Dach,Elise,Alberto@friedrich.info
408,Hudson,Carolyne,Rae@alfred.co.uk
410,Wolff,Josianne,Marianna_Crona@armani.ca
293,Nader,Laney,Julia@piper.name
167,Volkman,Duane,Isidro.Luettgen@giovanna.info
638,Robel,Norris,Ericka_Cassin@ashlynn.biz
23,Osinski,Nicklaus,Stephanie@euna.tv
624,Walsh,Rolando,Henri_Koepp@evalyn.co.uk
193,Hayes,Wellington,Adaline.Hamill@kian.biz
580,O'Connell,Tyra,Janie@santina.biz
603,Kiehn,Linnea,Augustine.Dooley@mabel.com
575,Miller,Lucio,Noble@marian.biz
87,Kemmer,Lincoln,Holly_Cassin@orrin.net
41,Buckridge,Sean,Trinity@aisha.com
527,Metz,Adolfo,Gus@katharina.ca
819,Wiza,Stella,Flo_Altenwerth@beau.tv
290,Beier,Lenny,Nicola@katrina.ca
869,Gerhold,Noel,Sage_Cole@laurence.ca
521,Stanton,Joy,Idella.Doyle@kailee.us
984,Abernathy,Coty,Dewayne@clemens.org
619,Purdy,Krystel,Heaven@royce.biz
449,Sauer,Roberto,Jeramy_Dooley@jannie.co.uk
713,McGlynn,Anais,Ellie.Murray@xander.tv
742,Welch,Assunta,Dixie.Reynolds@yazmin.tv
924,Hudson,Kristofer,Nathan_Smitham@dahlia.com
787,Lang,Evans,Rocio@peyton.ca
408,Morissette,Dangelo,Garett@nellie.io
83,Sauer,Brock,Taya_Mraz@maddison.com
87,McCullough,Kasandra,Yvonne@tobin.me
227,Nikolaus,Eldridge,Garrett_Weber@felicia.org
131,Stoltenberg,Amira,Danial@clinton.org
347,Schimmel,Kennith,Josh_Schaefer@lea.biz
606,Aufderhar,Estelle,Nia.Towne@destini.ca
604,Beier,Tia,Aurelia.Bashirian@lorenza.me
356,Pfannerstill,Leilani,Gennaro@pink.net
654,Hirthe,Reilly,Kristofer.Hoeger@wilhelm.me
331,Weimann,Benton,Gabriel.Wehner@matilda.me
811,Schultz,Donald,Stephany_Sporer@junius.org
125,Marvin,Taylor,Oran.Nikolaus@ursula.biz
797,Wisozk,Arden,Burley.Ward@gage.biz
116,Wintheiser,Lilyan,Edyth.Murray@cassie.biz
405,Weimann,Eve,Destinee@juanita.us
67,Kilback,Mabelle,Dorthy.Reinger@margarete.ca
766,Sanford,Walker,Jamie@rahul.info
955,Lehner,Jensen,Lewis_Lehner@alberto.com
551,Larkin,Hans,Dameon@steve.info
384,Stokes,Breanna,Karen@ladarius.co.uk
543,Koch,Felipe,Sylvester@brock.tv
95,Brown,Jaden,Kurt@kevin.net
151,Olson,Brannon,Amy@stuart.net
115,Dare,Rowland,Kirk@kali.io
942,Hettinger,Linnea,Declan_Runte@eldon.tv
280,Monahan,Presley,Golda.Gleason@elsa.co.uk
950,Hagenes,Lessie,Shad@mittie.name
491,Volkman,Claire,Oma_OReilly@bertram.tv
660,O'Hara,Theodora,Davon.Beer@olga.info
711,Macejkovic,Donnie,Felipe@darien.io
589,Jakubowski,Mandy,Demario@rashawn.net
283,Strosin,Aubrey,Hayley@jaden.us
221,Boyer,Reva,Pierre@gina.org
167,Prosacco,Xzavier,Ewald.Wolf@georgianna.io
562,Swaniawski,Daphne,Hulda@jairo.ca
783,Wisoky,Alvah,Dana@chelsey.us
165,Jacobson,Dereck,Ilene.Leuschke@kendra.org
954,Graham,Gerson,Destany@arne.biz
463,Schulist,Willy,Davion.Rau@darren.co.uk
233,Koch,Gladyce,Jordy.Johnson@israel.biz
529,Grady,Lawson,Drake_Rutherford@brionna.name
949,Howe,Josie,Frieda@aniya.net
240,Toy,Reba,Gideon@blaze.tv
65,Tromp,Elfrieda,Gertrude.Ernser@vincenzo.info
287,Ruecker,Leo,Alvena_Morar@randall.info
3,Romaguera,Nasir,Marco.Gaylord@emmanuel.tv
580,Wisozk,Gaylord,Domenica@hester.biz
940,Champlin,Jovan,Hailey.Harber@claudine.ca
871,Spinka,Alessandra,Gerald@estel.tv
391,Buckridge,Lula,Kamille@daron.biz
277,Becker,Asia,Talon_Purdy@constance.io
155,Wolf,Keanu,Juwan.Herzog@helena.co.uk
314,Tromp,Hayley,Rupert@myrtie.biz
878,Konopelski,Graciela,Abdul_Goodwin@murphy.net
931,Ward,Athena,Berry.Guann@ernestina.us
170,Rowe,Pierce,Ervin.Weber@justina.ca
197,King,Evans,Guido@camylle.info
911,Crooks,Tess,Cecile_Lehner@edmund.tv
696,Boyer,Vernon,Ezekiel.Haag@cyrus.biz
913,Brekke,Jordi,Amber_Mann@randy.biz
348,Baumbach,Arvel,Donna.Stroman@philip.com
198,Crona,Audreanne,Alfonzo.Conn@rosemary.net
706,Wyman,Dillon,Viviane.Bogisich@maverick.biz
472,Dietrich,Hermina,Coralie@dawson.me
939,Crona,Brad,Elinor@princess.biz
712,Abshire,Kali,Kaleb_Mraz@maude.us
911,McLaughlin,Sidney,Grace@rhoda.net
937,Nolan,Freddy,Marlene.Beatty@ariane.net
940,Morar,Danielle,Kiera@leanne.com
514,Leffler,Holly,Mariam@brock.me
357,Shanahan,Cyrus,Elfrieda@mohammed.net
782,Wuckert,Armand,Ike.Herzog@triston.info
386,Wintheiser,Grady,Robb.Wintheiser@luis.org
749,Bradtke,Alanis,Anne@verna.me
896,Eichmann,Rowan,Jessika@madison.biz
677,Thiel,Kurtis,Norris@skyla.biz
186,Bode,Norberto,Josefina_Kautzer@armand.biz
81,Goodwin,Corrine,Jonatan@darion.name
666,Ullrich,Wilfredo,Weston.Olson@alana.biz
136,Hamill,Candice,Janick@carson.io
970,Feeney,Jamie,Gunner@casimer.biz
363,Cartwright,Buster,Milan@florida.info
327,Sipes,Rachelle,Lucious@agustina.me
30,Stoltenberg,Jan,Kelly@alexandre.com
748,Hauck,Tyree,Carolanne.Tromp@misty.io
961,Jenkins,Melissa,Margarett@herbert.me
156,Torphy,Conor,Noe@sibyl.org
947,Beatty,Nella,Reymundo_Maggio@abby.ca
223,Sipes,Geovany,Viola@monte.co.uk
512,Considine,Nicholas,Gracie_Schneider@lester.us
274,Vandervort,Salvatore,Sonny.Price@ahmad.ca
486,Kilback,Kamren,Nellie@niko.com
265,O'Conner,Brielle,Vincenza@edwin.com
153,Kovacek,Alexandra,Rosie.Weissnat@geovanny.tv
59,Mayer,Zora,Kaela@grayce.com
681,Mraz,Harmon,Carolanne_Mann@chet.ca
302,Rempel,Kayley,Letitia.Stanton@viviane.ca
545,Gutkowski,Eino,Neoma@jovani.org
666,Rohan,Freida,Allan@madisen.me
620,Hyatt,Leann,Elroy.Farrell@rhoda.info
220,Lakin,Dangelo,Marley.Gislason@tatum.com
185,Price,Ned,Colleen@torey.ca
743,Stiedemann,Jazmin,Dedrick@reanna.us
299,Cole,Clay,Ramon.Von@casandra.io
398,Williamson,Trisha,Kenneth.Monahan@dorothy.me
182,Harªann,Hubert,Jamel_Littel@salma.com
946,Leannon,Ola,Hattie_Donnelly@hyman.us
913,Dooley,Omari,Damon_Fay@may.name
386,Auer,Emil,Macie.Tremblay@alene.net
525,Bashirian,Emilie,Bailey@deontae.tv
447,Senger,Nia,Newell@anderson.net
821,Blick,Jamey,Jaquelin@dimitri.us
993,Schuster,Kayleigh,Luigi@hosea.name
951,Dach,Clarissa,Zora@alda.io
448,Gerhold,Mckayla,Keven@genesis.us
504,Christiansen,Aric,Marcelo@lizeth.net
511,Smith,Raoul,Paul_Eichmann@mable.tv
104,Little,Estevan,Crystel@flo.tv
994,Weber,Alfonso,Okey@stanley.tv
761,Schiller,Wilma,Jannie@abel.io
499,Considine,Vella,Trenton_Nader@constantin.net
656,Blick,Kale,Tod_Lynch@julien.tv
522,Jakubowski,Clare,Elmore@raina.name
686,Bergnaum,Joanie,Alana_OReilly@franz.info
943,Halvorson,Kiera,Jude@schuyler.us
495,Kozey,Pasquale,Dane_Harber@daphne.co.uk
220,Quigley,Antonietta,Dawson@molly.me
109,Stokes,Rachel,Jerod@jaquan.info
61,Orn,Izaiah,Gardner@imelda.me
325,Cummerata,Lilly,Annalise@joanie.io
89,Nienow,Macey,Newton@roderick.com
125,Wehner,Ariane,Mckayla@annamae.us
22,Gerhold,Corbin,Nat.Weissnat@greg.com
139,McGlynn,Burdette,Arvel.Zieme@tod.info
904,Pacocha,Dayton,Donnie@elliot.biz
101,Hauck,Wilton,Elnora@jesus.com
976,Price,Newton,Yasmeen.Dicki@malinda.tv
185,Abbott,Mandy,Mario.McKenzie@cloyd.info
646,Schuster,Anika,Jessica@nathanial.io
697,Goyette,Karina,Tiffany@ubaldo.us
268,Wiegand,Makayla,Alysson@christ.org
371,Zulauf,Mohamed,Royce@seth.ca
50,Will,Dina,Aric@devin.info
588,Heidenreich,Daphne,Dorcas@general.com
797,Beahan,Jewel,Rudolph.Torphy@giovanny.co.uk
160,Anderson,Emmett,Gabe.Lockman@elsa.biz
789,Beier,Dean,Elliot@max.org
180,Witting,Leone,Price.Conroy@maudie.me
988,Kertzmann,Agustin,Anabel_Feeney@samantha.me
327,McGlynn,Leon,Kaitlin.Pollich@marisa.org
477,Spencer,Lorine,Favian@agustina.org
351,Lind,Albertha,Kylie@rosalind.com
174,Zulauf,Jacques,Marilie@marisa.name
744,White,Cesar,Emilie_Deckow@marie.io
735,Ullrich,Werner,Maryse.Grady@verna.io
209,Macejkovic,Titus,Jacinthe_Boehm@alaina.org
889,Price,Soledad,Raymond@kaylie.info
893,Anderson,Darius,Caterina@herminio.org
340,Gibson,Nadia,Audreanne.Green@lula.io
956,Corwin,Nichole,Kristin@gunnar.ca
986,Ratke,Ardella,Otis_Muller@mckayla.ca
96,Wilkinson,Earnestine,Ezequiel@kory.com
691,Breitenberg,Arlo,Timmy.Waelchi@felix.ca
928,Senger,Hilario,Dean@lloyd.ca
846,Runolfsdottir,Delores,Talon@dave.biz
363,Robel,Alfonzo,Casper_Fisher@zane.biz
548,Farrell,Marisol,Lowell@raquel.tv
271,Bailey,Jaeden,Kaleigh@kaden.biz
335,Gutkowski,Jeramy,Allen@cali.tv
23,Bernier,Jaylen,Janick@dorothea.me
852,Schuster,Mittie,Cheyanne.Lehner@hanna.net
98,Johnston,Wade,Jayde_Swaniawski@elaina.me
509,Donnelly,Angelo,Merl.Boehm@hassie.tv
210,Purdy,Pascale,Sarah@sharon.net
668,Walsh,Fred,Esta@eliza.org
73,Nader,Ray,Karli.Wiza@arvilla.io
510,McGlynn,Schuyler,Lexus.Block@geoffrey.name
807,Beatty,Ray,Wilburn@tatum.biz
233,Koch,Layla,Roel.Davis@lewis.me
710,Mann,Cielo,Thelma.Watsica@adah.ca
707,Schaefer,Joshuah,Mark_Dibbert@bernadine.us
754,Denesik,Waldo,Lea@reyes.tv
586,Schinner,Lorenza,Rosalyn@kimberly.us
185,Heathcote,Muhammad,Boyd@maryjane.tv
104,Weimann,Avery,Archibald@catharine.io
32,Altenwerth,Franco,Barry_Rath@andy.biz
426,Langosh,Trisha,Arturo_Herzog@herta.net
741,Koelpin,Makenzie,Marlee@icie.io
918,Barrows,Daphney,Cynthia_Emard@mona.org
639,Schneider,Margaret,Allan.Stracke@carlotta.com
218,Hoeger,Stanton,Houston@darrel.net
469,Gottlieb,Marian,Oren.White@jefferey.me
60,Erdman,Horace,Lennie_Lubowitz@trevor.org
63,Boyle,Casey,Edyth@juliana.io
260,Klein,Clifton,Tania@dean.org
777,Hagenes,Kiel,Kaycee_Ritchie@alexane.io
39,Nolan,Elfrieda,Joana@geoffrey.co.uk
908,Donnelly,Adelia,Enrique@macie.com
730,Nienow,Zachary,Mathew@karelle.us
382,Wilderman,Tom,Deshawn@elmer.ca
582,Little,Hillard,Aida@kaitlin.biz
209,Barrows,Sean,Eliza@marguerite.biz
864,O'Kon,Bertrand,Imogene@armand.co.uk
643,Smith,Crystel,Hassie_Abernathy@brooke.co.uk
466,Nitzsche,Yessenia,Lucious.Schaefer@estella.io
329,Kessler,Kaitlin,Jadon_Feil@raymond.ca
869,Miller,Toy,Carleton@letha.tv
361,Fay,Kaylah,Desiree_Murray@eudora.com
33,Lang,Lilian,Idella.Considine@ernest.name
779,Kerluke,Paris,Jermey.Goodwin@waldo.info
601,Schuster,Lulu,Alden_Will@deion.biz
235,Keeling,Tyreek,Modesta_Smith@josh.org
690,Little,Minnie,Eudora@wyman.net
589,Stiedemann,Sigmund,Earnestine@catalina.me
198,Turcotte,Ellie,Eugene_Predovic@francesca.biz
666,Lowe,Era,Newton.Mraz@frederik.biz
159,Weissnat,Assunta,Lowell_Little@kennedi.ca
690,Tremblay,Billie,Candice_Quigley@carolyn.biz
605,Ondricka,Raquel,Vada@lyla.biz
348,Hamill,Alvina,Monte.Bode@marcelle.com
502,Marvin,Mara,Cristobal_Powlowski@santos.org
103,Koss,Danny,Braxton.Heaney@macy.info
601,Luettgen,Amara,Isadore@tobin.biz
311,Kunde,Nikki,Carmel_Braun@elise.biz
460,Tremblay,Columbus,Mossie_Wintheiser@lyda.com
443,Runolfsdottir,Loma,Julie@terry.net
952,Borer,Annamarie,Jaylon@amalia.co.uk
397,Cummings,Virginie,Fannie@keaton.tv
10,Abshire,Saige,Ericka@oscar.tv
8,Hackett,Madie,Benny.Ortiz@zita.info
613,Rice,Kennedi,Kirk.Carter@odell.io
194,Huels,Forest,Shanna@jedediah.biz
588,Kuphal,Velda,Richie@michele.co.uk
620,Denesik,Arnaldo,Katelyn@dasia.name
655,Bernhard,Lela,Brendon_Nitzsche@stewart.org
278,Russel,Vivien,Alexandrea@zechariah.name
767,Jewess,Josianne,Mitchel@devonte.org
173,Beer,Dominic,Gunner@ava.biz
973,Douglas,Tyra,Alvis_Hirthe@creola.info
933,Kerluke,Jaquan,Christa.Nitzsche@jarred.org
301,Hodkiewicz,Ricky,Mertie.Kozey@louie.name
398,Powlowski,Joanne,Marie_Walker@elaina.tv
740,Reinger,Theodora,Norwood@matt.net
498,Harªann,Darian,Jovanny@aurelia.io
293,Ratke,Henri,Lorna@bettye.biz
949,Prosacco,Paxton,Emelie@keshawn.net
458,Brekke,Amos,Clay.Runolfsson@hermina.biz
849,Senger,William,Rylan@bradley.biz
411,Douglas,Kyle,Graciela_Pagac@rudolph.co.uk
337,Upton,Bryon,Ford@royal.co.uk
330,Schinner,Martine,Darian.Klocko@darlene.org
979,Hettinger,Malcolm,Zoie@nadia.name
120,Hayes,Samantha,Santina.Kessler@abby.biz
93,Corkery,Idell,Stephanie.Hettinger@frances.me
68,Satterfield,Vince,Verdie@hannah.net
298,Towne,Madalyn,Mavis_Farrell@kenya.info
57,Harvey,Colby,Wade_Pfannerstill@garnet.ca
16,Torp,Dudley,Jarrell@marge.co.uk
806,Hagenes,Burnice,Chaim@tressa.me
143,Abernathy,Bradford,Eduardo_Mertz@imelda.me
237,Bins,Malinda,Oswaldo.Cole@charlene.ca
340,Stanton,Hillary,Beth_Kling@isaias.name
58,Hills,Harmony,Bruce_Conn@vallie.io
269,Koelpin,Ferne,Hermann@gustave.biz
365,Nolan,Rogers,Pearlie@reinhold.name
944,Lockman,Freeman,Luis@maynard.tv
889,Block,Alfredo,Marguerite@brenden.info
593,Murray,Lavonne,Paxton.Runolfsdottir@myrtice.org
690,Littel,Lizzie,Renee@millie.biz
259,Hansen,Gracie,Katrine.Hilll@brycen.co.uk
865,Mante,Catalina,Amparo.Murazik@norwood.biz
106,Wunsch,Della,Mortimer@marcelina.net
736,Ledner,Genevieve,Dayna.Raynor@karlie.biz
231,Schimmel,Mabel,Anne_Watsica@matt.biz
946,Littel,Elda,Kavon@lora.co.uk
347,Ernser,Valentine,Christophe@nash.me
700,Cronin,Dolly,Hunter_Hermann@cleo.tv
410,Crona,Delia,Christelle@eve.ca
766,Stanton,Kaley,Kendall_Gerlach@elvie.tv
709,Windler,Lamar,Hulda_Wiegand@reina.info
16,Bahringer,Joseph,Eliane.Kris@vivianne.com
135,Halvorson,Tyree,Jewell_Beier@rico.net
977,Sauer,Cleo,Cheyanne.Beahan@mckayla.biz
644,Veum,Bethel,Kip_Zemlak@enos.ca
336,Tillman,Everette,Arno@adalberto.us
60,Little,Nola,Kamryn@roscoe.net
287,Yundt,Isom,Hilton@marlee.co.uk
330,Smith,Edwardo,Michele@dejuan.org
849,DuBuque,Lowell,Roman.Schmidt@cyril.us
626,Medhurst,Caterina,Jesus@verdie.info
851,McClure,Lew,Else.Berge@earlene.io
500,Parker,Graciela,Edward@rocky.us
767,Bode,Amos,Ivy@nicolette.co.uk
579,Kutch,Alec,Diana@ellsworth.tv
409,Deckow,Alyce,Kattie@franz.biz
131,Beahan,Caleb,Damian.Stanton@damien.com
458,Carter,Jennyfer,Judy_Goyette@orlo.biz
590,Christiansen,Eleanora,Reuben@nils.com
816,Marvin,Autumn,Martin_Baumbach@nikko.me
240,Padberg,Nakia,Leone@leda.ca
891,Lang,Bradley,Erika@rylan.info
214,Konopelski,Eunice,Shanon_OConnell@jeffry.me
708,Will,Karelle,Nico.Marquardt@raina.biz
691,McCullough,Julian,Mavis_Paucek@bonnie.io
757,Lehner,Brycen,Alexandre.Raynor@juwan.us
670,Mayert,Jamar,Johann.Rath@anya.name
902,Howell,Easton,Jacinto.Stehr@thurman.us
125,Schmeler,Rebeka,Zakary@emil.us
876,Schulist,Natasha,Ayla.Yost@rosalinda.com
477,Wiegand,Bernardo,Desiree@nils.name
430,Roob,Alfred,Kris_Lind@beaulah.org
320,Schimmel,Donald,Liliane@felipa.com
205,Rowe,Rigoberto,Keenan_Brakus@leonora.me
884,Lueilwitz,Lonzo,Rose@mckayla.org
596,Bins,Gilbert,Priscilla@mohamed.biz
88,Collier,Rhett,Monte.Roberts@helmer.org
600,Dach,Selina,Keira@marietta.info
858,Nolan,Jacinto,Edyth.Bernier@celia.us
823,Waters,Tatyana,Hildegard.Heidenreich@alexandre.us
82,Mertz,Rosario,Clara_Block@arvid.biz
502,Jaskolski,Herminio,Alberto@davonte.name
313,Ward,Avery,Gerald@samson.us
163,Wiza,Ila,Anastasia@verda.org
984,Hahn,Bridgette,Mabel@brandy.com
832,Feest,Angelita,Jaeden@fae.net
762,Bergstrom,Justice,Mariela.Stiedemann@alfred.me
525,Zboncak,Cathryn,Augustine@nicolette.us
431,Hegmann,Eldon,Daniella_Feest@brady.biz
321,Kunde,Giuseppe,Beryl@bernardo.org
943,Anderson,Isabelle,Buddy@ignatius.name
96,Kunze,Camden,Ella@velma.co.uk
334,Hahn,Litzy,Kelton@federico.biz
520,Kuhlman,Damien,Abagail.Lakin@eldora.me
912,Kassulke,Yoshiko,Toney@trey.ca
369,Lowe,Torrance,Sheila.Conroy@estrella.me
810,Keebler,Dane,Kale.Krajcik@alycia.net
668,Deckow,Zackery,Kaitlyn_Windler@louisa.co.uk
739,Price,Herman,Magdalena@linnie.tv
666,Schuppe,Scotty,Danial_Watsica@ansley.tv
844,Mertz,Rosalind,Herminio@malvina.co.uk
662,Feest,Wendy,Bryon@felipa.net
299,Jones,Cary,Laney.Corkery@alan.biz
274,Kling,Jedidiah,Al_Abernathy@berniece.net
620,Willms,Lesley,Marley.Nienow@marcella.info
772,Botsford,Carroll,Amelie@maxime.tv
82,Krajcik,Raoul,Hildegard.Deckow@zelma.net
330,Kuvalis,Kayden,Cary_Osinski@jayne.com
738,Brekke,Gunner,Nelson@coleman.co.uk
919,Oberbrunner,Darrel,Eryn@maya.ca
703,Steuber,Gia,Alden@lacey.me
833,Franecki,Hobart,Deondre.Hayes@caterina.net
792,Aufderhar,Kaylie,Eddie_Fadel@catherine.tv
68,Pacocha,Jeromy,Melyssa@maxie.net
66,Wuckert,Israel,Jack.Towne@maverick.info
949,Runolfsson,Delphia,Hertha@reyes.ca
943,Cruickshank,Kurt,Gregg_Harber@tyrese.com
611,Feest,Etha,Lamar_Bauch@hassie.co.uk
719,Schroeder,Nico,Wilma.Murray@elijah.net
625,Rath,Raegan,Hal@gerard.me
778,Beahan,Audra,Murray@mallie.io
123,Lebsack,Boris,Sydni.Hackett@jamison.net
764,Kiehn,Lorine,Dillon@vito.us
725,O'Hara,Cortney,Garnett.Nienow@esther.ca
759,Padberg,Monty,Brycen@tyson.info
360,Howell,Evie,Brant_Marvin@lindsay.co.uk
573,Erdman,Monique,Emmanuel.Mraz@golden.us
916,Keeling,Caroline,Bettye_Senger@petra.us
913,Cole,Leopold,Madeline_Greenholt@shyann.name
716,Friesen,Vada,Rickie@ivah.biz
64,Kassulke,Raphael,Lorena_Hane@rodger.name
258,Hintz,Makayla,Louie.Kutch@pat.us
594,Mitchell,Camille,Dee.Goodwin@adela.biz
557,Kirlin,Kade,Tremaine@dixie.biz
954,Waters,Berenice,Shaniya.Mills@albin.org
999,Mitchell,Marlee,Sterling@katelin.co.uk
653,Koepp,Geo,Ubaldo.VonRueden@shea.biz
33,Johns,Vanessa,Maximo.Ferry@mertie.info
604,Brakus,Julian,Bette@wilmer.ca
633,Olson,Omari,Keon_Reichert@rae.me
24,Greenholt,Leatha,Jaunita@merl.biz
385,Parisian,Madelynn,Jackson@bill.co.uk
319,Glover,Jamey,Garland@triston.name
922,Macejkovic,Hayden,Enrique.Skiles@alta.me
231,Cole,Ansel,Anne_Hermann@timothy.co.uk
634,Bradtke,Mekhi,Maud@dashawn.me
629,Pollich,Ubaldo,Triston@johathan.us
725,Lebsack,Gerald,Letha@vidal.com
776,Kozey,Emory,Suzanne.Howell@llewellyn.name
789,Paucek,Savanna,Lorenz_Dare@simone.ca
507,Bergnaum,Mustafa,Quinn@saul.net
581,Wintheiser,Dixie,Maggie_Welch@jarret.com
281,Balistreri,Leonardo,Arden@junius.io
8,Murphy,Mittie,Jermaine_Connelly@mireya.tv
470,Cummerata,Merle,Mario.Brekke@verdie.com
209,Stanton,Broderick,Craig@craig.io
688,Sawayn,Audreanne,Sean.Nicolas@heber.ca
412,Parisian,Jeffery,Devyn.Orn@annette.com
249,Gleason,Celestino,Nicholaus@whitney.net
333,Christiansen,Lukas,Dewitt@ora.net
543,Little,Oswald,Syble@abraham.ca
641,Morissette,Doug,Jaylen@ona.net
140,Howell,Trisha,Adrienne.Runolfsdottir@keenan.info
732,Rempel,Rosina,Ebba@brody.ca
387,Bechtelar,Larue,Marcel.Vandervort@mckenzie.name
156,Kessler,Phyllis,Vallie_Schulist@margaret.tv
11,Rohan,Bennie,Anabelle@brad.biz
750,Reinger,Buster,Monty_Shanahan@torey.biz
175,Raynor,Markus,Helmer@owen.net
713,Rice,Morris,Norma.Rohan@dameon.us
712,Padberg,Gideon,Ruben_Quitzon@jermey.biz
995,Pollich,Serena,Ora@graciela.org
191,Marks,Rose,Tyler.DAmore@daisy.name
671,Kohler,Jarrett,Lesly@janiya.biz
567,Kiehn,Monica,Esta@terrance.info
678,Von,Stevie,Pietro@nicolette.co.uk
295,Littel,Royce,Rebekah_VonRueden@alivia.tv
950,Hills,Evan,Hollie_Labadie@dayton.ca
905,Abbott,Makenna,Dameon.Vandervort@amparo.me
140,Witting,Norene,Jazlyn@janessa.co.uk
873,Brekke,Duncan,Carli@patience.org
902,Nikolaus,Clara,Hallie@elmer.name
240,Koelpin,Lela,Audreanne@syble.tv
748,Auer,Linwood,Michel_Dare@cletus.us
207,Dicki,Enola,Elton.Stroman@terry.name
584,Kling,Janis,Jacky_Connelly@franco.org
805,Carroll,Candido,Lilyan@laury.biz
103,Dooley,Stella,Dorothy_Kassulke@keon.us
98,Lesch,Boris,Fanny_Bogisich@verda.io
541,Prohaska,Kaylin,Leda@adolf.io
388,Anderson,Savanna,Alisha@antonio.me
565,Senger,Bettie,Nia.Haley@sammie.net
106,Runolfsdottir,Fabiola,Ernie_Mitchell@reilly.ca
581,Muller,Lionel,Hailee_Hermann@leilani.com
488,Stanton,Marlin,Pansy_Shields@alphonso.name
312,Schuppe,Karson,Maria@joaquin.biz
830,Erdman,Selena,Stevie@mason.biz
625,Gleason,Taurean,Magdalena@lindsay.name
134,O'Connell,Wilhelm,Rashawn@stephon.co.uk
684,Schaefer,Johnny,Viva.Jacobs@dylan.org
341,Grady,Keara,Dannie.Aufderhar@rachelle.io
910,D'Amore,Sharon,Ryann@ivory.ca
809,Little,Mohammad,Jacynthe@luther.net
759,Jaskolski,May,Misael.Feil@taya.biz
454,Stokes,Emile,Sonny.Kozey@caroline.co.uk
551,Borer,Hiram,Roxanne@ramona.co.uk
533,Kuvalis,Franz,Don.Baumbach@kim.name
878,Ruecker,Jan,Jimmy@alberto.biz
83,Barton,Bret,Eulalia.Feest@samara.me
60,Cummerata,Dameon,Adela@kylee.co.uk
704,Gusikowski,Jade,Jennyfer_Kuhlman@katheryn.me
794,Moore,Lenna,Colleen_Schamberger@leopold.co.uk
517,Wiegand,Thurman,Julianne@olen.us
78,McKenzie,Mittie,Elwin_Smitham@rudy.net
897,Barrows,Elyse,Frederic.Stark@rossie.org
510,Kuphal,Sherwood,Kendra@soledad.tv
28,McCullough,Sherwood,Candido_Medhurst@mack.biz
29,Schroeder,Mortimer,Makayla@loraine.biz
175,Pollich,Sister,Mable_Turcotte@petra.name
247,Prohaska,Elna,Archibald.Thiel@elody.tv
733,Jakubowski,Taylor,Emory@soledad.tv
290,Goodwin,Kenna,Valentina.Mueller@estel.biz
558,Labadie,Garrick,Arvid.Ledner@emmett.us
377,Franecki,Tia,Ransom.Stroman@wilma.com
215,Feeney,Nikolas,Bernadette@may.io
553,Bogisich,Estevan,Johnson@carol.me
247,Dach,Norbert,Tracey_King@jaclyn.us
580,Stoltenberg,Aisha,Anastacio@gregoria.name
5,Stanton,Raina,Kelly@hadley.us
600,Kohler,Regan,Audra.Glover@woodrow.info
459,Gorczany,Meta,Euna@wanda.io
763,Keebler,Josefa,Albertha@annabell.biz
957,Hudson,Alberta,Skyla@marta.us
964,Brown,Abbie,Trycia_Hamill@cayla.tv
996,Daugherty,Madonna,Kelton.Bartell@lelah.me
744,Grimes,Emory,Kip.Prosacco@quincy.io
815,Carter,Efrain,Kenneth.Sanford@donald.com
976,Jast,Nickolas,Bobbie@dakota.co.uk
377,Streich,Abner,Johnson@ella.io
520,Breitenberg,Gage,Destiny@dixie.io
46,Nikolaus,Chad,Tyrel@joshuah.org
671,Thiel,Mavis,Lonzo@lincoln.us
759,Gusikowski,Holly,Bert_Schroeder@luciano.biz
164,McCullough,Gabriella,Lenny.Roberts@lila.me
64,Olson,Savanah,Dalton.Denesik@madelyn.us
221,Gorczany,Reagan,Fritz_Abernathy@minerva.tv
296,Hackett,Oleta,Boyd@victor.com
703,Beatty,Linwood,Carlotta_Rempel@horacio.us
373,Braun,Kaden,Alphonso.Collier@irving.biz
827,Schaefer,Kris,Theron@cierra.tv
663,Hoppe,Jeremie,Kyla.Rogahn@jarrell.ca
177,Kunze,Greta,Veda@burdette.biz
197,Hammes,Michale,Garett@frida.biz
839,Rodriguez,Cali,Soledad_Pfannerstill@arielle.com
433,Schuster,Janis,Aletha@victor.org
259,Pfeffer,Norene,Virgil@elwyn.com
169,Swaniawski,Darlene,Manuela@woodrow.name
207,Klocko,Halle,Reyes_Dach@caroline.ca
654,Wilkinson,Michale,Bradly.King@valerie.co.uk
891,Vandervort,Freeman,Myra_Jast@lera.com
185,Gibson,Autumn,Betsy.Kreiger@cary.org
10,Grant,Mose,Noble_Nolan@owen.me
219,Schmitt,Wilfredo,Kaley_Cronin@sophie.biz
327,Daniel,Chelsey,Malcolm@maritza.net
683,McCullough,Helena,Camryn_Heller@lora.co.uk
574,Leffler,Pasquale,Arnaldo_Spinka@gregg.com
885,Senger,Chaya,Lew@hiram.com
801,Gerlach,Bradford,Murl@hubert.io
983,Bernier,Rhea,Ewell@ron.co.uk
776,O'Hara,Maude,Paxton_Schroeder@dell.name
747,Murazik,Berneice,Chaim@eileen.name
336,Cormier,Sophie,Margret.Stehr@bernie.ca
321,Rosenbaum,Coby,Fleta_Kirlin@nyasia.co.uk
581,Fritsch,Aniyah,Margarete@tate.name
23,McCullough,Roberto,Leslie@dion.tv
386,Ledner,Sonia,Lambert@kevon.info
828,Trantow,Jana,Danial.Denesik@myrtice.com
478,Gaylord,Shania,Sadie@mazie.biz
834,Schuster,Gerson,Tom@renee.biz
235,Glover,Otha,Brent@jaunita.tv
147,Braun,Tremaine,Harmon@meghan.biz
965,Wolf,Brook,Jerod@sister.biz
298,Bruen,Elian,Blanca.Friesen@bernardo.info
510,Gerlach,Aglae,Shaun.Kunde@trent.tv
563,Shanahan,Ernestina,Benjamin_Schneider@nyah.io
269,Schiller,Trevion,Caleb@dianna.me
860,Schmeler,Talon,Ibrahim_Bins@rosella.ca
851,Swaniawski,Monroe,Mercedes.Schowalter@chaim.net
684,Nienow,Alexis,Alexzander_Marks@cayla.info
847,Koepp,Wilmer,Gordon_Grimes@della.biz
737,Mueller,Karli,Bryana@wendy.biz
400,Langworth,Cassidy,Judy.Kohler@brandt.ca
972,Dooley,Jensen,Americo@doyle.me
334,Hoeger,Alvah,Jakayla_Conn@ocie.biz
726,Bergnaum,Shakira,Brycen_Strosin@bryce.net
19,Grimes,Kari,Tessie_Fritsch@jett.io
36,Stamm,Maiya,Aisha.Howell@shayna.io
313,Runolfsdottir,Itzel,Nadia@geraldine.co.uk
328,Tillman,Duane,Casper_Rolfson@kristian.biz
80,Crona,Amani,Emelie.Keebler@terrell.org
279,Gottlieb,Shane,Nicola@filomena.ca
952,Bauch,Bernice,Grant@savannah.io
498,Will,Benny,Linda_Tromp@gwendolyn.us
191,Hettinger,Ernestine,Emilio@hildegard.info
932,Heller,Edwina,Pansy_Schoen@isobel.me
656,Rogahn,Raymond,Filiberto@orrin.ca
992,Johnston,Christop,Margarete.Yundt@mortimer.net
262,Bashirian,Madisyn,Avery@maurice.me
675,Bradtke,Kaden,Makenna.Goodwin@earline.name
809,Stamm,Dallas,Leonora_Bruen@heath.co.uk
525,Stamm,Vallie,Kole@reyes.com
333,Schuster,Lizeth,Lizeth@dovie.co.uk
457,Glover,Maegan,Kara_Hoppe@krystel.ca
804,Carter,Garret,Juliana@tyler.biz
8,Carter,Nickolas,Jazmyne@lessie.us
450,Schaden,Brad,Shawna.Streich@claudia.name
655,Goodwin,Karolann,Irwin@earnest.io
522,Medhurst,Arnulfo,Odie@savanah.biz
462,Schaefer,Dandre,Nels_Schultz@thaddeus.ca
397,McClure,Wiley,Myrl.Willms@nathan.io
680,Koepp,Bessie,Ben_Hilll@beulah.co.uk
674,Pollich,Josiah,Rubie.Konopelski@dolly.biz
365,Hickle,Esteban,Cullen_Borer@juanita.io
383,Watsica,Marcelina,Leopold@angel.name
521,Cummerata,Monica,Camille_Grady@sally.net
597,Runolfsson,Vella,Vern@judy.name
382,Johnson,Waylon,Constance.Howell@landen.biz
38,Lang,Reina,Maci.Denesik@abby.ca
794,Dicki,Carlos,Zackary_Thiel@jacklyn.co.uk
665,Schamberger,Breanne,Polly.Johnston@cristopher.ca
359,Carroll,Abner,Kendall_Kshlerin@jacynthe.biz
45,McKenzie,Elaina,Bud@garett.io
600,Muller,Theodora,Mabelle_Schuster@alia.biz
1,Harris,Rodrick,Ethan@branson.org
611,Boehm,Travon,Fiona@jason.ca
885,Stracke,Delphine,Favian@brad.name
455,Stanton,Julia,Aric.Lang@nola.io
80,Mayer,Selina,Harmon_Fay@clare.me
275,Harvey,Pablo,Lindsey@cleora.org
343,Harris,Joanny,Kieran.Wolff@malachi.io
45,Prohaska,Abdiel,Juvenal@morgan.org
106,Toy,Remington,Elyssa.Friesen@luther.tv
145,Jaskolski,Donato,Hudson_Frami@kieran.us
26,Kshlerin,Eulalia,Deven@jena.biz
475,Crooks,Antonetta,Rickie_Cartwright@louisa.ca
48,Kassulke,Robert,Richie@ron.com
671,Wisozk,Uriel,Hertha@velva.name
635,Smitham,Dusty,Stephon_Hilll@raquel.net
782,Bashirian,Carley,Katarina@sigurd.info
346,Paucek,Buddy,Kaleigh@misty.ca
467,Hegmann,Abby,Jordy@jaiden.io
474,Corwin,Terry,Carolanne@vincenza.tv
507,Gibson,Bobbie,Chelsey_Beatty@allen.me
168,Reichert,Vladimir,Dana_Murazik@chet.ca
713,Bernier,Fannie,Aurore.Emmerich@olaf.ca
766,Emard,Hector,Scarlett@aryanna.biz
245,Toy,Laisha,Barry@janet.com
1,Watsica,Leopoldo,Corrine@georgette.io
829,Guªann,Jermaine,Annalise.Jones@leonora.io
702,Heller,Henri,Mertie@gene.us
659,Crooks,Kody,Richmond.Pfeffer@lacey.co.uk
651,Skiles,Felix,Dominique@dorian.org
29,Harvey,Genevieve,Lauryn@ericka.co.uk
74,Marquardt,Jayden,Vita.Kerluke@gideon.info
950,Berge,Van,Marina_Kemmer@savanna.name
228,Williamson,Ambrose,Nora@nickolas.biz
486,Gulgowski,Carter,Baby.Keeling@tiara.tv
700,Hilpert,Ralph,Erika@lamont.info
931,Boyle,Dorothy,Derrick_Ankunding@jerel.ca
912,Farrell,Mathias,Eileen_Nolan@maximillian.biz
15,Beahan,Leonie,Mckenzie.Bernier@alda.biz
191,McClure,Eloise,Lesley@millie.name
638,Zulauf,Ruthe,Beulah.Heathcote@euna.ca
568,Murphy,Alvina,Hubert@maxie.us
671,Kautzer,Jamar,Hubert.Champlin@jovany.me
735,Erdman,Michael,Telly@colten.tv
50,Wiza,Aubree,Barney@aylin.biz
38,Collier,Delphia,Antonette@christophe.io
94,Zboncak,Daniela,Leif.Metz@buck.me
635,Murray,Jerald,Monserrate@sven.com
906,Bradtke,Hermann,Brice_Orn@arthur.biz
904,Hyatt,Royal,Daniella@katheryn.net
426,Smitham,Keon,Hal@johnathon.name
538,Pacocha,Riley,Jordon_Davis@whitney.co.uk
898,Fisher,Daisy,Dortha.Kuphal@david.us
941,Ebert,Amparo,Vida.Cole@ervin.net
525,Durgan,Leonor,Ezekiel@esteban.biz
522,Schmitt,Chris,Erling.Romaguera@nicolas.net
853,Strosin,Ruth,Mustafa@kaylah.info
724,Rogahn,Murray,Chance_Ferry@adela.name
770,Greenholt,Consuelo,Jabari@buddy.us
35,Keeling,Jeffery,Sigrid@gerard.us
579,Windler,Ahmad,Elroy_Bosco@bradford.org
837,Parisian,Denis,Bruce@meaghan.info
344,Sanford,Colby,Savion_Schowalter@devyn.name
313,Swaniawski,Alfonso,Lorenz.Lockman@glen.biz
783,Conn,Margarett,Troy@erich.name
60,Gislason,Casey,Chelsea@alex.io
531,Padberg,Meghan,Donavon@roy.co.uk
355,Zulauf,Earl,Kirstin@geraldine.me
352,Wilderman,Ferne,Sylvester.Labadie@gina.co.uk
272,Grady,Aida,Orie@derick.tv
699,Roberts,Lilly,Orville@savannah.ca
168,Corwin,Sedrick,Camryn.Kshlerin@wava.info
439,Ward,Edna,Ettie.Kuvalis@crawford.me
584,Collins,Lexie,Abelardo@noble.org
946,Gottlieb,Sandra,Domenica@gardner.biz
871,White,Deondre,Ila.Beatty@clemens.biz
722,Nicolas,Emiliano,Marina.Quitzon@jason.biz
64,Wuckert,Ellen,Arely@dominic.us
741,Koch,Winifred,Colin_Larson@pierre.tv
143,Auer,Abner,Aniya.Anderson@vilma.io
262,Emmerich,Carmelo,Harley_Larson@brennan.name
607,White,Kurtis,Onie@yolanda.me
536,McCullough,Hortense,Juliana.Stamm@marcus.ca
568,Olson,Verla,Reuben.Connelly@marjory.co.uk
260,Kunze,Donna,Demarco@una.us
435,Wehner,Anjali,Arturo.Grant@orville.co.uk
503,Douglas,Elias,Vanessa@roxane.com
721,Jakubowski,Johnson,Jaylon@queenie.biz
298,Runte,Raul,Gust@kaylah.name
668,Rath,Keven,Eryn@cielo.info
943,Mills,Lavon,Noelia@kailee.net
94,Lesch,Maya,Moriah.Walker@titus.me
225,Bauch,Alvina,Robb.Mills@reilly.net
751,Pfeffer,Talon,Kennedy@travis.com
857,Kuphal,Aliya,Emerald@aileen.org
275,Senger,Mandy,Marisa.Shields@horace.org
855,Upton,Ivory,Chesley.Hagenes@ethelyn.net
155,Quitzon,Chad,Micheal@peyton.co.uk
362,Pfeffer,Christian,Jack@jorge.net
218,Hagenes,Jennings,Candido_Pfeffer@janis.ca
687,Krajcik,Martina,Era.King@alvena.io
548,Schimmel,Ethelyn,Adolphus_Flatley@london.tv
693,Morissette,Keshawn,Elmore.Langworth@judd.io
325,Lind,Jaylen,Lydia@juwan.info
78,Wisozk,Calista,Keenan_Jaskolski@giovanna.ca
10,Waelchi,Matilde,Joana@ed.co.uk
823,Dicki,Izaiah,Houston@marianne.info
95,Friesen,Evalyn,Amya_Hayes@reggie.me
767,McDermott,Lexie,Laurianne_Harber@gertrude.co.uk
362,Deckow,Marie,Troy_Eichmann@marlene.io
745,Fisher,Meta,Jamie@ola.io
338,Kutch,Fausto,Constantin@queen.net
486,Rippin,Aida,Christiana.Rutherford@darrick.me
687,Kuphal,Gayle,Perry@maxwell.org
868,Ruecker,Ezra,Mylene.Pollich@justine.co.uk
98,Howe,Noel,Gino@tess.us
190,Spencer,Frances,Dominic@marcella.me
134,Prosacco,Matt,Jarret@fausto.ca
740,Jaskolski,Giovanni,Trudie@lue.co.uk
226,Welch,Serenity,Retha@brian.name
715,Botsford,Dominic,Frederic@newton.biz
776,Kuvalis,Bert,Elta@mazie.biz
83,Ullrich,Francesca,Reagan.Tillman@nels.io
300,Kassulke,Marjorie,Polly.Cronin@vinnie.info
910,Goldner,Bernardo,Vladimir@santino.tv
965,Bruen,Adolf,Mohammed@thurman.name
697,Hoppe,Maxime,Zackery_Ferry@hannah.tv
114,Doyle,Allan,Flavio@alphonso.net
353,Altenwerth,Violet,Wiley_Zboncak@susanna.me
195,Nienow,Gerda,Ewell@tamara.co.uk
153,Blanda,Clyde,Lucio@thad.org
449,Von,Eddie,Vivien_Dooley@jed.name
923,Sauer,Brielle,Elmer@richie.org
490,Cruickshank,Arianna,Dina_Trantow@kylee.me
761,Conn,Asa,Maurice.Bosco@devonte.biz
115,Kiehn,Alfonso,Finn_Metz@freddie.ca
950,Turcotte,Carleton,Damian@melvin.me
982,Swift,Jerrold,Tyrique_Gibson@wilburn.net
675,Huel,Glen,Ila@simeon.biz
548,Torp,Morris,Vena_Erdman@darby.biz
49,West,Florine,Kameron.Abbott@lizeth.co.uk
976,Kihn,Flavio,Sydnie.OReilly@freda.com
696,Zieme,Gilberto,Myron.McClure@zaria.me
838,Nikolaus,Amelie,Katlynn@haven.biz
686,Frami,Garry,Giovanni@grant.net
688,Hintz,Kathryn,Colten@mackenzie.org
672,Schumm,Abner,Agnes@imani.com
395,Heidenreich,Andres,Larissa_Lemke@jennifer.co.uk
746,Ritchie,Tony,Lionel.Barton@carmella.net
130,Ritchie,Leon,Santina@candace.biz
932,Pacocha,Salma,Charlotte.Hegmann@alvina.biz
478,Abernathy,Gudrun,Easton@tabitha.ca
870,Howe,Margarett,Rosanna_Jacobi@eldred.me
353,Crist,Olga,Tyra@leilani.name
48,Goodwin,Rose,Michael@kaitlyn.org
120,Schmidt,Devante,Morris@earline.biz
792,Volkman,Mariana,Norwood@ally.me
452,Abbott,Idell,Ernie.Robel@kaci.co.uk
103,O'Reilly,Theodora,Waino@claud.biz
791,Braun,Jonas,Christy.Kshlerin@aron.biz
919,Renner,Elenora,Kristian@linda.net
134,Towne,Marco,Shayna_Wiza@jessie.ca
212,Swift,Milan,Angelo@lester.info
730,Lynch,Jimmie,Sally.Kunde@lonie.io
238,Lind,Ramon,Andreanne@shyann.ca
296,Legros,Antonietta,Katelynn.Schmitt@elna.co.uk
586,Morissette,Rashawn,Melisa@joseph.us
602,Boehm,Ramon,Efren_Gleason@thelma.info
6,Jacobi,Brycen,Shirley_Dickinson@pierre.net
487,Nienow,Ruthie,Henri.Schaefer@lily.ca
74,Herzog,Lance,Rachelle_Conroy@katelyn.biz
776,O'Keefe,Berenice,Annie@destiney.com
633,Jacobi,Earl,Queen.Jerde@reba.us
419,Fritsch,Marcelle,Narciso_Hessel@graciela.ca
680,Windler,Marlene,Bennett_Powlowski@mckenna.org
882,Denesik,Roger,Isai@tillman.net
